distribution.arrivals.cv,distribution.arrivals.fast_interval,distribution.arrivals.fast_mu,distribution.arrivals.mu,distribution.arrivals.total_period,distribution.arrivals.type,distribution.services.cv,distribution.services.type,distribution.services.z,distribution.turn_on.mu,distribution.turn_on.std,experiment,infrastructure.max_num_server,infrastructure.response_time_slo.95_perc,infrastructure.response_time_slo.99_perc,infrastructure.scheduler,infrastructure.si_max,infrastructure.spikeserver.active,infrastructure.start_num_server,infrastructure.window_size,random.repeat_config,random.seed,random.total_streams,spikeserver.capacity,spikeserver.version,stats.batch.num,stats.batch.size,stats.confidence.alpha,system.empty_jobs,system.start,system.stop,webserver.capacity,webserver.scaling.out_thr,webserver.scaling.type,STREAM_SEED_0,STREAM_SEED_1,STREAM_SEED_2,STREAM_SEED_3,STREAM_SEED_4,STREAM_SEED_5,STREAM_SEED_6,STREAM_SEED_7,RUN_DATETIME,CONFIGURATION_DESCRIPTION,CONFIGURATION_ID,REPETITION_ID,FINAL_TS,TOTAL_ALLOCATED_CAPACITY,WEB_SERVER_ALLOCATED_CAPACITY,SPIKE_VIRTUAL_ALLOCATED_CAPACITY,ALLOCATED_CAPACITY_PER_SEC,SYSTEM_UTILIZATION,MEAN_SYSTEM_RESPONSE_TIME,TOTAL_JOBS_COMPLETED,TOTAL_SPIKE_JOBS_COMPLETED,TOTAL_SLO_95_VIOLATIONS,TOTAL_SLO_99_VIOLATIONS,SPIKE_SLO_95_VIOLATIONS,SPIKE_SLO_99_VIOLATIONS,SLO_95PERC_VIOLATIONS_PERCENTAGE,SLO_99PERC_VIOLATIONS_PERCENTAGE,BM_SYSTEM_RESPONSE_TIME,BM_SYSTEM_RESPONSE_TIME_W,BM_SYSTEM_JOB_NUMBER,BM_SYSTEM_JOB_NUMBER_W,BM_SYSTEM_UTILIZATION,BM_SYSTEM_UTILIZATION_W,BM_SYSTEM_ALLOCATED_CAPACITY_PER_SEC,BM_SYSTEM_ALLOCATED_CAPACITY_PER_SEC_W,BM_SYSTEM_95PERC_SLO_VIOLATIONS_PERC,BM_SYSTEM_95PERC_SLO_VIOLATIONS_PERC_W,BM_SYSTEM_99PERC_SLO_VIOLATIONS_PERC,BM_SYSTEM_99PERC_SLO_VIOLATIONS_PERC_W
4,0,0.015,1.6666666666666667,500,exp,4,exp,1.0,5,0.5,ver_b,1,9.714886,16.745906,leastUsed,5,false,1,8,1,42,8,1,2,64,512,0.05,false,0.0,INFINITY,1,INFINITY,jobs,42,962850,598499780,334435817,424484935,1068730318,1611527,437034476,2025-09-09T16:01:29.092709100,ver_b_01 {d.services.type=exp; i.spikeserver.active=false; d.arrivals.mu=1.6666666666666667; d.services.z=1.0; d.arrivals.type=exp; ws.capacity=1; i.start_num_server=1},ver_b_01,0,54381.54850420,54381.54850420,54381.54850420,0.00000000,1.00000000,0.60212150,2.51087650,32767,,1403,302,0,0,0.04281747,0.00921659,2.5108765023932267,0.09816364682706145,1.5129008389227558,0.06600721154208022,0.6021215046525331,0.008058418859339616,1.0,0.0,0.04281746879482405,0.004918641291489719,0.009216589861751154,0.0018286502590874258
4,0,0.015,1.25,500,exp,4,exp,1.0,5,0.5,ver_b,1,9.714886,16.745906,leastUsed,5,false,1,8,1,42,8,1,2,64,512,0.05,false,0.0,INFINITY,1,INFINITY,jobs,42,962850,598499780,334435817,424484935,1068730318,1611527,437034476,2025-09-09T16:01:31.325317200,ver_b_02 {d.services.type=exp; i.spikeserver.active=false; d.arrivals.mu=1.25; d.services.z=1.0; d.arrivals.type=exp; ws.capacity=1; i.start_num_server=1},ver_b_02,0,40786.28651988,40786.28651988,40786.28651988,0.00000000,1.00000000,0.80282621,5.03489752,32767,,4792,2090,0,0,0.14624470,0.06378368,5.034897524685919,0.4006712550672956,4.04494993950886,0.3454286189446587,0.8028262096065354,0.010710638452317636,1.0,0.0,0.14624469740897858,0.015351281108961173,0.06378368480483414,0.01058939004010914
4,0,0.015,1.6666666666666667,500,exp,4,h2,1.0,5,0.5,ver_b,1,9.714886,16.745906,leastUsed,5,false,1,8,1,42,8,1,2,64,512,0.05,false,0.0,INFINITY,1,INFINITY,jobs,42,962850,598499780,334435817,424484935,1068730318,1611527,437034476,2025-09-09T16:01:32.046999100,ver_b_03 {d.services.type=h2; i.spikeserver.active=false; d.arrivals.mu=1.6666666666666667; d.services.z=1.0; d.arrivals.type=exp; ws.capacity=1; i.start_num_server=1},ver_b_03,0,54381.91830420,54381.91830420,54381.91830420,0.00000000,1.00000000,0.59482706,2.46197213,32767,,1598,759,0,0,0.04876858,0.02316355,2.4619721256928777,0.15178484721028504,1.4834239607239184,0.09867838164933333,0.5948270630761312,0.012792964140944453,1.0,0.0,0.048768578142643515,0.004235315296283618,0.023163548692281873,0.0027560020522131063
4,0,0.015,1.25,500,exp,4,h2,1.0,5,0.5,ver_b,1,9.714886,16.745906,leastUsed,5,false,1,8,1,42,8,1,2,64,512,0.05,false,0.0,INFINITY,1,INFINITY,jobs,42,962850,598499780,334435817,424484935,1068730318,1611527,437034476,2025-09-09T16:01:32.788072700,ver_b_04 {d.services.type=h2; i.spikeserver.active=false; d.arrivals.mu=1.25; d.services.z=1.0; d.arrivals.type=exp; ws.capacity=1; i.start_num_server=1},ver_b_04,0,40787.61331576,40787.61331576,40787.61331576,0.00000000,1.00000000,0.79308539,4.58190361,32767,,3397,1788,0,0,0.10367138,0.05456709,4.581886225796882,0.4957195052318018,3.6809026926714288,0.4154066221790509,0.7930853853683881,0.016303875271216905,1.0,0.0,0.10367137668996247,0.012356622717799843,0.05456709494308298,0.00749981567336872
