distribution.arrivals.cv,distribution.arrivals.fast_interval,distribution.arrivals.fast_mu,distribution.arrivals.mu,distribution.arrivals.total_period,distribution.arrivals.type,distribution.services.cv,distribution.services.type,distribution.services.z,distribution.turn_on.mu,distribution.turn_on.std,experiment,infrastructure.max_num_server,infrastructure.response_time_slo.95_perc,infrastructure.response_time_slo.99_perc,infrastructure.scheduler,infrastructure.si_max,infrastructure.spikeserver.active,infrastructure.start_num_server,infrastructure.window_size,random.repeat_config,random.seed,random.total_streams,spikeserver.capacity,spikeserver.version,stats.batch.num,stats.batch.size,stats.confidence.alpha,system.empty_jobs,system.start,system.stop,webserver.capacity,webserver.scaling.out_thr,STREAM_SEED_0,STREAM_SEED_1,STREAM_SEED_2,STREAM_SEED_3,STREAM_SEED_4,STREAM_SEED_5,STREAM_SEED_6,STREAM_SEED_7,RUN_DATETIME,CONFIGURATION_DESCRIPTION,CONFIGURATION_ID,REPETITION_ID,FINAL_TS,TOTAL_ALLOCATED_CAPACITY,WEB_SERVER_ALLOCATED_CAPACITY,SPIKE_VIRTUAL_ALLOCATED_CAPACITY,ALLOCATED_CAPACITY_PER_SEC,SYSTEM_UTILIZATION,MEAN_SYSTEM_RESPONSE_TIME,TOTAL_JOBS_COMPLETED,TOTAL_SPIKE_JOBS_COMPLETED,TOTAL_SLO_95_VIOLATIONS,TOTAL_SLO_99_VIOLATIONS,SPIKE_SLO_95_VIOLATIONS,SPIKE_SLO_99_VIOLATIONS,SLO_95PERC_VIOLATIONS_PERCENTAGE,SLO_99PERC_VIOLATIONS_PERCENTAGE,BM_SYSTEM_RESPONSE_TIME,BM_SYSTEM_RESPONSE_TIME_W,BM_SYSTEM_JOB_NUMBER,BM_SYSTEM_JOB_NUMBER_W,BM_SYSTEM_UTILIZATION,BM_SYSTEM_UTILIZATION_W,BM_SYSTEM_ALLOCATED_CAPACITY_PER_SEC,BM_SYSTEM_ALLOCATED_CAPACITY_PER_SEC_W,BM_SYSTEM_95PERC_SLO_VIOLATIONS_PERC,BM_SYSTEM_95PERC_SLO_VIOLATIONS_PERC_W,BM_SYSTEM_99PERC_SLO_VIOLATIONS_PERC,BM_SYSTEM_99PERC_SLO_VIOLATIONS_PERC_W
4,100,"0,125","0,25",500,h2,4,h2,1,"0,8","0,05",base1,6,"9,714886","16,745906",leastUsed,"0,4",true,6,8,1,42,8,1,1,128,512,"0,05",false,0,INFINITY,1,INFINITY,42,962850,598499780,334435817,424484935,1068730318,1611527,437034476,"2025-09-07T16:21:45,956355095",101 {d.services.type=h2; d.arrivals.mu=0.25; i.spikeserver.active=true; d.services.z=1; d.arrivals.fast_interval=100.0; i.max_num_server=6; d.arrivals.type=h2; d.arrivals.fast_mu=0.125; i.start_num_server=6; i.si_max=0.4},101,0,"19269,623142","134887,362","115617,73885","19267,346485",7,"2,9318223","3002,4134671",65535,27465,27619,27096,27167,27004,"0,42143893","0,41345847","1112,2921211","114,91806683","10211,054213","1057,4926305","2,931822302","0,0320049788",7,"1,796674e-14","0,4214389258","0,0070360903","0,4134584573","0,0078701123"
4,100,"0,125","0,25",500,h2,4,h2,1,"0,8","0,05",base1,6,"9,714886","16,745906",leastUsed,"0,4",true,6,8,1,42,8,1,2,128,512,"0,05",false,0,INFINITY,1,INFINITY,42,962850,598499780,334435817,424484935,1068730318,1611527,437034476,"2025-09-07T16:22:29,850493908",102 {d.services.type=h2; d.arrivals.mu=0.25; i.spikeserver.active=true; d.services.z=1; d.arrivals.fast_interval=100.0; i.max_num_server=6; d.arrivals.type=h2; d.arrivals.fast_mu=0.125; i.start_num_server=6; i.si_max=0.4},102,0,"14665,303069","102657,12149","87991,818417","10549,905105",7,"4,43292083","2,86081109",65535,10328,4083,1937,692,331,"0,06230259","0,02955673","2,8605516208","0,4637082489","12,784137781","2,4431178573","4,4329208282","0,2006261588",7,"1,639295e-14","0,0623025864","0,0134075651","0,0295567254","0,0078118225"
4,100,"0,125","0,25",500,h2,4,h2,1,"0,8","0,05",base1,6,"9,714886","16,745906",leastUsed,"0,8",true,6,8,1,42,8,1,1,128,512,"0,05",false,0,INFINITY,1,INFINITY,42,962850,598499780,334435817,424484935,1068730318,1611527,437034476,"2025-09-07T16:22:31,005847454",103 {d.services.type=h2; d.arrivals.mu=0.25; i.spikeserver.active=true; d.services.z=1; d.arrivals.fast_interval=100.0; i.max_num_server=6; d.arrivals.type=h2; d.arrivals.fast_mu=0.125; i.start_num_server=6; i.si_max=0.8},103,0,"15645,604685","109519,2328","93873,628112","15579,882462",7,"3,91976603","509,47864965",65535,19330,19259,18528,18688,18408,"0,29387349","0,28271917","304,41513011","31,071097158","2134,0615448","218,51738744","3,9197660285","0,0657159419",7,"1,660494e-14","0,2938735027","0,0087557127","0,2827191577","0,0094064332"
4,100,"0,125","0,25",500,h2,4,h2,1,"0,8","0,05",base1,6,"9,714886","16,745906",leastUsed,"0,8",true,6,8,1,42,8,1,2,128,512,"0,05",false,0,INFINITY,1,INFINITY,42,962850,598499780,334435817,424484935,1068730318,1611527,437034476,"2025-09-07T16:22:43,253361702",104 {d.services.type=h2; d.arrivals.mu=0.25; i.spikeserver.active=true; d.services.z=1; d.arrivals.fast_interval=100.0; i.max_num_server=6; d.arrivals.type=h2; d.arrivals.fast_mu=0.125; i.start_num_server=6; i.si_max=0.8},104,0,"14665,037247","102655,26073","87990,223482","8675,9216735",7,"4,43291055","2,87031281",65535,8745,4100,1939,643,316,"0,06256199","0,02958724","2,8701816466","0,4643196494","12,826830699","2,4551748478","4,4329105512","0,20036109",7,"1,702585e-14","0,0625619898","0,0133821098","0,0295872435","0,0078083565"
4,100,"0,125","0,25",500,h2,4,h2,1,"0,8","0,05",base1,6,"9,714886","16,745906",leastUsed,"1,2",true,6,8,1,42,8,1,1,128,512,"0,05",false,0,INFINITY,1,INFINITY,42,962850,598499780,334435817,424484935,1068730318,1611527,437034476,"2025-09-07T16:22:44,292292118",105 {d.services.type=h2; d.arrivals.mu=0.25; i.spikeserver.active=true; d.services.z=1; d.arrivals.fast_interval=100.0; i.max_num_server=6; d.arrivals.type=h2; d.arrivals.fast_mu=0.125; i.start_num_server=6; i.si_max=1.2000000000000002},105,0,"14673,241895","102712,69326","88039,451369","12640,531405",7,"4,4210833","14,76603797",65535,12791,10157,8425,9292,8203,"0,15498589","0,12855726","14,598464755","1,8856549256","65,949454474","10,131821143","4,4210833038","0,1005364607",7,"1,594837e-14","0,1549858854","0,0158476292","0,1285572595","0,0158390291"
4,100,"0,125","0,25",500,h2,4,h2,1,"0,8","0,05",base1,6,"9,714886","16,745906",leastUsed,"1,2",true,6,8,1,42,8,1,2,128,512,"0,05",false,0,INFINITY,1,INFINITY,42,962850,598499780,334435817,424484935,1068730318,1611527,437034476,"2025-09-07T16:22:45,929099083",106 {d.services.type=h2; d.arrivals.mu=0.25; i.spikeserver.active=true; d.services.z=1; d.arrivals.fast_interval=100.0; i.max_num_server=6; d.arrivals.type=h2; d.arrivals.fast_mu=0.125; i.start_num_server=6; i.si_max=1.2000000000000002},106,0,"14665,037247","102655,26073","87990,223482","6393,1776879",7,"4,43277562","2,8851262",65535,6019,4125,1942,611,311,"0,06294347","0,02963302","2,8849950414","0,4581517349","12,893028677","2,4287870901","4,4327756199","0,2003208687",7,"1,838643e-14","0,0629434653","0,0133066345","0,0296330205","0,0077492877"
4,100,"0,125","0,25",500,h2,4,h2,1,"0,8","0,05",base1,6,"9,714886","16,745906",leastUsed,"1,6",true,6,8,1,42,8,1,1,128,512,"0,05",false,0,INFINITY,1,INFINITY,42,962850,598499780,334435817,424484935,1068730318,1611527,437034476,"2025-09-07T16:22:47,071695805",107 {d.services.type=h2; d.arrivals.mu=0.25; i.spikeserver.active=true; d.services.z=1; d.arrivals.fast_interval=100.0; i.max_num_server=6; d.arrivals.type=h2; d.arrivals.fast_mu=0.125; i.start_num_server=6; i.si_max=1.6},107,0,"14665,303069","102657,12149","87991,818417","9987,2593073",7,"4,43264137","9,75917334",65535,10164,8115,6470,7045,6132,"0,12382697","0,09872587","9,755637952","1,5377983313","43,610924507","8,0305613917","4,4326413714","0,1311244151",7,"1,698268e-14","0,1238269627","0,0159718459","0,0987258717","0,0154479789"
4,100,"0,125","0,25",500,h2,4,h2,1,"0,8","0,05",base1,6,"9,714886","16,745906",leastUsed,"1,6",true,6,8,1,42,8,1,2,128,512,"0,05",false,0,INFINITY,1,INFINITY,42,962850,598499780,334435817,424484935,1068730318,1611527,437034476,"2025-09-07T16:22:48,194595814",108 {d.services.type=h2; d.arrivals.mu=0.25; i.spikeserver.active=true; d.services.z=1; d.arrivals.fast_interval=100.0; i.max_num_server=6; d.arrivals.type=h2; d.arrivals.fast_mu=0.125; i.start_num_server=6; i.si_max=1.6},108,0,"14665,09924","102655,69468","87990,595441","5159,3974512",7,"4,43275771","2,9175372",65535,4968,4167,1979,556,291,"0,06358434","0,0301976","2,9173781516","0,4595055349","13,037811545","2,4347945982","4,4327577098","0,2010830923",7,"1,776381e-14","0,0635843442","0,0132926069","0,0301976043","0,0077681115"
4,100,"0,125","0,25",500,h2,4,h2,1,"0,8","0,05",base1,6,"9,714886","16,745906",leastUsed,2,true,6,8,1,42,8,1,1,128,512,"0,05",false,0,INFINITY,1,INFINITY,42,962850,598499780,334435817,424484935,1068730318,1611527,437034476,"2025-09-07T16:22:49,163173199",109 {d.services.type=h2; d.arrivals.mu=0.25; i.spikeserver.active=true; d.services.z=1; d.arrivals.fast_interval=100.0; i.max_num_server=6; d.arrivals.type=h2; d.arrivals.fast_mu=0.125; i.start_num_server=6; i.si_max=2.0},109,0,"14665,09924","102655,69468","87990,595441","8219,4565578",7,"4,43275771","7,29642212",65535,8287,6812,5202,5583,4795,"0,10394446","0,07937744","7,2962630779","1,2613615736","32,606054415","6,5001654415","4,4327577098","0,1527098094",7,"1,890812e-14","0,1039444572","0,0149425827","0,0793774319","0,0139204002"
4,100,"0,125","0,25",500,h2,4,h2,1,"0,8","0,05",base1,6,"9,714886","16,745906",leastUsed,2,true,6,8,1,42,8,1,2,128,512,"0,05",false,0,INFINITY,1,INFINITY,42,962850,598499780,334435817,424484935,1068730318,1611527,437034476,"2025-09-07T16:22:50,057446480",110 {d.services.type=h2; d.arrivals.mu=0.25; i.spikeserver.active=true; d.services.z=1; d.arrivals.fast_interval=100.0; i.max_num_server=6; d.arrivals.type=h2; d.arrivals.fast_mu=0.125; i.start_num_server=6; i.si_max=2.0},110,0,"14665,09924","102655,69468","87990,595441","4489,6420656",7,"4,43275771","2,95874663",65535,4468,4233,2007,554,262,"0,06459144","0,03062486","2,958587581","0,4594978843","13,221967131","2,4424589132","4,4327577098","0,1997353727",7,"1,72289e-14","0,0645914397","0,0132696535","0,0306248569","0,0078517652"
4,100,"0,125","0,25",500,h2,4,h2,1,"0,8","0,05",base1,6,"9,714886","16,745906",leastUsed,"2,4",true,6,8,1,42,8,1,1,128,512,"0,05",false,0,INFINITY,1,INFINITY,42,962850,598499780,334435817,424484935,1068730318,1611527,437034476,"2025-09-07T16:22:50,935743809",111 {d.services.type=h2; d.arrivals.mu=0.25; i.spikeserver.active=true; d.services.z=1; d.arrivals.fast_interval=100.0; i.max_num_server=6; d.arrivals.type=h2; d.arrivals.fast_mu=0.125; i.start_num_server=6; i.si_max=2.4},111,0,"14665,09924","102655,69468","87990,595441","6953,4146594",7,"4,43275771","6,18745656",65535,6996,6221,4574,4744,4028,"0,09492637","0,06979477","6,1872975107","1,1272754898","27,650338994","5,8175644382","4,4327577098","0,1641754539",7,"1,595572e-14","0,0949263752","0,0142709513","0,0697947662","0,0132160624"
4,100,"0,125","0,25",500,h2,4,h2,1,"0,8","0,05",base1,6,"9,714886","16,745906",leastUsed,"2,4",true,6,8,1,42,8,1,2,128,512,"0,05",false,0,INFINITY,1,INFINITY,42,962850,598499780,334435817,424484935,1068730318,1611527,437034476,"2025-09-07T16:22:51,939235210",112 {d.services.type=h2; d.arrivals.mu=0.25; i.spikeserver.active=true; d.services.z=1; d.arrivals.fast_interval=100.0; i.max_num_server=6; d.arrivals.type=h2; d.arrivals.fast_mu=0.125; i.start_num_server=6; i.si_max=2.4},112,0,"14665,09924","102655,69468","87990,595441","3846,2803969",7,"4,43275771","3,01797229",65535,4047,4389,2080,536,277,"0,06697185","0,03173877","3,0178132445","0,4635946555","13,486633179","2,4689691887","4,4327577098","0,2002997861",7,"1,607169e-14","0,0669718471","0,0134552538","0,0317387655","0,0078330167"
4,100,"0,125","0,25",500,h2,4,h2,1,"0,8","0,05",base1,6,"9,714886","16,745906",leastUsed,"2,8",true,6,8,1,42,8,1,1,128,512,"0,05",false,0,INFINITY,1,INFINITY,42,962850,598499780,334435817,424484935,1068730318,1611527,437034476,"2025-09-07T16:22:52,802093029",113 {d.services.type=h2; d.arrivals.mu=0.25; i.spikeserver.active=true; d.services.z=1; d.arrivals.fast_interval=100.0; i.max_num_server=6; d.arrivals.type=h2; d.arrivals.fast_mu=0.125; i.start_num_server=6; i.si_max=2.8},113,0,"14665,09924","102655,69468","87990,595441","6372,6205706",7,"4,43275771","5,55425861",65535,6348,5894,4209,4323,3596,"0,08993667","0,06422523","5,5540995634","0,9935289173","24,820721083","5,1154501161","4,4327577098","0,1717244818",7,"1,517904e-14","0,0899366751","0,0140391295","0,0642252232","0,0128462299"
4,100,"0,125","0,25",500,h2,4,h2,1,"0,8","0,05",base1,6,"9,714886","16,745906",leastUsed,"2,8",true,6,8,1,42,8,1,2,128,512,"0,05",false,0,INFINITY,1,INFINITY,42,962850,598499780,334435817,424484935,1068730318,1611527,437034476,"2025-09-07T16:22:53,693256378",114 {d.services.type=h2; d.arrivals.mu=0.25; i.spikeserver.active=true; d.services.z=1; d.arrivals.fast_interval=100.0; i.max_num_server=6; d.arrivals.type=h2; d.arrivals.fast_mu=0.125; i.start_num_server=6; i.si_max=2.8},114,0,"14665,09924","102655,69468","87990,595441","3642,7948216",7,"4,43275771","3,05386828",65535,3649,4422,2107,574,275,"0,06747539","0,03215076","3,0537092391","0,4680417734","13,647044232","2,4854954312","4,4327577098","0,199525623",7,"1,699611e-14","0,0674753948","0,0134899718","0,0321507591","0,0078885461"
4,100,"0,125","0,25",500,h2,4,h2,1,"0,8","0,05",base1,6,"9,714886","16,745906",leastUsed,"3,2",true,6,8,1,42,8,1,1,128,512,"0,05",false,0,INFINITY,1,INFINITY,42,962850,598499780,334435817,424484935,1068730318,1611527,437034476,"2025-09-07T16:22:54,553458691",115 {d.services.type=h2; d.arrivals.mu=0.25; i.spikeserver.active=true; d.services.z=1; d.arrivals.fast_interval=100.0; i.max_num_server=6; d.arrivals.type=h2; d.arrivals.fast_mu=0.125; i.start_num_server=6; i.si_max=3.1999999999999997},115,0,"14665,09924","102655,69468","87990,595441","5809,8011373",7,"4,43275771","5,16775594",65535,5823,5641,3978,3924,3262,"0,08607614","0,06070039","5,1675968903","0,9274188377","23,093528361","4,8553211213","4,4327577098","0,1779328317",7,"1,647934e-14","0,0860761425","0,0137824555","0,0607003891","0,0123967174"
4,100,"0,125","0,25",500,h2,4,h2,1,"0,8","0,05",base1,6,"9,714886","16,745906",leastUsed,"3,2",true,6,8,1,42,8,1,2,128,512,"0,05",false,0,INFINITY,1,INFINITY,42,962850,598499780,334435817,424484935,1068730318,1611527,437034476,"2025-09-07T16:22:55,434278011",116 {d.services.type=h2; d.arrivals.mu=0.25; i.spikeserver.active=true; d.services.z=1; d.arrivals.fast_interval=100.0; i.max_num_server=6; d.arrivals.type=h2; d.arrivals.fast_mu=0.125; i.start_num_server=6; i.si_max=3.1999999999999997},116,0,"14665,09924","102655,69468","87990,595441","3405,4751712",7,"4,43275771","3,11404846",65535,3452,4510,2155,521,267,"0,06881819","0,03288319","3,1138894162","0,471353123","13,915975785","2,5247657616","4,4327577098","0,1987579016",7,"1,754539e-14","0,0688181888","0,013601186","0,0328831922","0,0079405416"
4,100,"0,125","0,25",500,h2,4,h2,1,"0,8","0,05",base1,6,"9,714886","16,745906",leastUsed,"3,6",true,6,8,1,42,8,1,1,128,512,"0,05",false,0,INFINITY,1,INFINITY,42,962850,598499780,334435817,424484935,1068730318,1611527,437034476,"2025-09-07T16:22:56,287809849",117 {d.services.type=h2; d.arrivals.mu=0.25; i.spikeserver.active=true; d.services.z=1; d.arrivals.fast_interval=100.0; i.max_num_server=6; d.arrivals.type=h2; d.arrivals.fast_mu=0.125; i.start_num_server=6; i.si_max=3.5999999999999996},117,0,"14665,09924","102655,69468","87990,595441","5464,4503422",7,"4,43275771","5,20942644",65535,5641,5719,4014,3845,3188,"0,08726635","0,06124971","5,2092673993","0,9847037031","23,279744408","5,1123064899","4,4327577098","0,1818347389",7,"1,608636e-14","0,0872663462","0,0141363114","0,0612497139","0,0126107792"
4,100,"0,125","0,25",500,h2,4,h2,1,"0,8","0,05",base1,6,"9,714886","16,745906",leastUsed,"3,6",true,6,8,1,42,8,1,2,128,512,"0,05",false,0,INFINITY,1,INFINITY,42,962850,598499780,334435817,424484935,1068730318,1611527,437034476,"2025-09-07T16:22:57,146097183",118 {d.services.type=h2; d.arrivals.mu=0.25; i.spikeserver.active=true; d.services.z=1; d.arrivals.fast_interval=100.0; i.max_num_server=6; d.arrivals.type=h2; d.arrivals.fast_mu=0.125; i.start_num_server=6; i.si_max=3.5999999999999996},118,0,"14665,09924","102655,69468","87990,595441","3285,8990904",7,"4,43275771","3,14484645",65535,3165,4578,2172,550,272,"0,0698558","0,0331426","3,1446874053","0,4764706789","14,053605007","2,5481090934","4,4327577098","0,1984345827",7,"1,651637e-14","0,0698558022","0,0137639906","0,0331425956","0,0080032668"
4,100,"0,125","0,25",500,h2,4,h2,1,"0,8","0,05",base1,6,"9,714886","16,745906",leastUsed,4,true,6,8,1,42,8,1,1,128,512,"0,05",false,0,INFINITY,1,INFINITY,42,962850,598499780,334435817,424484935,1068730318,1611527,437034476,"2025-09-07T16:22:58,007656097",119 {d.services.type=h2; d.arrivals.mu=0.25; i.spikeserver.active=true; d.services.z=1; d.arrivals.fast_interval=100.0; i.max_num_server=6; d.arrivals.type=h2; d.arrivals.fast_mu=0.125; i.start_num_server=6; i.si_max=3.9999999999999996},119,0,"14665,09924","102655,69468","87990,595441","5336,9126096",7,"4,43275771","4,81524681",65535,5228,5400,3685,3473,2835,"0,08239872","0,05622949","4,8150877622","0,8924926305","21,518245075","4,6722236569","4,4327577098","0,1827828396",7,"1,506615e-14","0,0823987182","0,0133996031","0,0562294957","0,0118436083"
4,100,"0,125","0,25",500,h2,4,h2,1,"0,8","0,05",base1,6,"9,714886","16,745906",leastUsed,4,true,6,8,1,42,8,1,2,128,512,"0,05",false,0,INFINITY,1,INFINITY,42,962850,598499780,334435817,424484935,1068730318,1611527,437034476,"2025-09-07T16:22:58,914655209",120 {d.services.type=h2; d.arrivals.mu=0.25; i.spikeserver.active=true; d.services.z=1; d.arrivals.fast_interval=100.0; i.max_num_server=6; d.arrivals.type=h2; d.arrivals.fast_mu=0.125; i.start_num_server=6; i.si_max=3.9999999999999996},120,0,"14665,09924","102655,69468","87990,595441","3184,3994965",7,"4,43275771","3,20219287",65535,3293,4686,2244,538,274,"0,07150377","0,03424124","3,2020338251","0,4841839586","14,309873142","2,5865788954","4,4327577098","0,1985943697",7,"1,54756e-14","0,0715037766","0,0139011374","0,0342412451","0,008122252"
4,100,"0,125","0,25",500,h2,4,h2,1,"0,8","0,05",base1,6,"9,714886","16,745906",leastUsed,4,true,6,8,1,42,8,1,1,128,512,"0,05",false,0,INFINITY,1,INFINITY,42,962850,598499780,334435817,424484935,1068730318,1611527,437034476,"2025-09-07T16:22:59,772796631",121 {d.services.type=h2; d.arrivals.mu=0.25; i.spikeserver.active=true; d.services.z=1; d.arrivals.fast_interval=100.0; i.max_num_server=6; d.arrivals.type=h2; d.arrivals.fast_mu=0.125; i.start_num_server=6; i.si_max=4.0},121,0,"14665,09924","102655,69468","87990,595441","5336,9126096",7,"4,43275771","4,81524681",65535,5228,5400,3685,3473,2835,"0,08239872","0,05622949","4,8150877622","0,8924926305","21,518245075","4,6722236569","4,4327577098","0,1827828396",7,"1,506615e-14","0,0823987182","0,0133996031","0,0562294957","0,0118436083"
4,100,"0,125","0,25",500,h2,4,h2,1,"0,8","0,05",base1,6,"9,714886","16,745906",leastUsed,4,true,6,8,1,42,8,1,2,128,512,"0,05",false,0,INFINITY,1,INFINITY,42,962850,598499780,334435817,424484935,1068730318,1611527,437034476,"2025-09-07T16:23:00,760128975",122 {d.services.type=h2; d.arrivals.mu=0.25; i.spikeserver.active=true; d.services.z=1; d.arrivals.fast_interval=100.0; i.max_num_server=6; d.arrivals.type=h2; d.arrivals.fast_mu=0.125; i.start_num_server=6; i.si_max=4.0},122,0,"14665,09924","102655,69468","87990,595441","3184,3994965",7,"4,43275771","3,20219287",65535,3293,4686,2244,538,274,"0,07150377","0,03424124","3,2020338251","0,4841839586","14,309873142","2,5865788954","4,4327577098","0,1985943697",7,"1,54756e-14","0,0715037766","0,0139011374","0,0342412451","0,008122252"
4,100,"0,125","0,25",500,h2,4,h2,1,"0,8","0,05",base1,6,"9,714886","16,745906",leastUsed,5,true,6,8,1,42,8,1,1,128,512,"0,05",false,0,INFINITY,1,INFINITY,42,962850,598499780,334435817,424484935,1068730318,1611527,437034476,"2025-09-07T16:23:01,645638466",123 {d.services.type=h2; d.arrivals.mu=0.25; i.spikeserver.active=true; d.services.z=1; d.arrivals.fast_interval=100.0; i.max_num_server=6; d.arrivals.type=h2; d.arrivals.fast_mu=0.125; i.start_num_server=6; i.si_max=5.0},123,0,"14665,09924","102655,69468","87990,595441","4723,4431451",7,"4,43275771","4,41653601",65535,4611,5244,3471,2965,2430,"0,08001831","0,05296407","4,4163769673","0,7678268429","19,736497028","4,1388198022","4,4327577098","0,1877529715",7,"1,652348e-14","0,0800183108","0,013237193","0,052964065","0,0112821237"
4,100,"0,125","0,25",500,h2,4,h2,1,"0,8","0,05",base1,6,"9,714886","16,745906",leastUsed,5,true,6,8,1,42,8,1,2,128,512,"0,05",false,0,INFINITY,1,INFINITY,42,962850,598499780,334435817,424484935,1068730318,1611527,437034476,"2025-09-07T16:23:02,506848335",124 {d.services.type=h2; d.arrivals.mu=0.25; i.spikeserver.active=true; d.services.z=1; d.arrivals.fast_interval=100.0; i.max_num_server=6; d.arrivals.type=h2; d.arrivals.fast_mu=0.125; i.start_num_server=6; i.si_max=5.0},124,0,"14665,09924","102655,69468","87990,595441","2926,7621515",7,"4,43275771","3,29611668",65535,3047,4884,2325,558,270,"0,07452507","0,03547722","3,2959576345","0,495037751","14,729597329","2,6606795406","4,4327577098","0,1983045308",7,"1,626065e-14","0,0745250629","0,0142616142","0,0354772259","0,0083199902"
4,100,"0,125","0,25",500,h2,4,h2,1,"0,8","0,05",base1,6,"9,714886","16,745906",leastUsed,6,true,6,8,1,42,8,1,1,128,512,"0,05",false,0,INFINITY,1,INFINITY,42,962850,598499780,334435817,424484935,1068730318,1611527,437034476,"2025-09-07T16:23:03,336473465",125 {d.services.type=h2; d.arrivals.mu=0.25; i.spikeserver.active=true; d.services.z=1; d.arrivals.fast_interval=100.0; i.max_num_server=6; d.arrivals.type=h2; d.arrivals.fast_mu=0.125; i.start_num_server=6; i.si_max=6.0},125,0,"14665,09924","102655,69468","87990,595441","4337,5964002",7,"4,43275771","4,25059044",65535,4122,5174,3228,2545,2007,"0,07895018","0,04925612","4,250431399","0,7349573032","18,994923947","3,9672537232","4,4327577098","0,1906978752",7,"1,501988e-14","0,0789501793","0,0131226073","0,0492561227","0,0106917145"
4,100,"0,125","0,25",500,h2,4,h2,1,"0,8","0,05",base1,6,"9,714886","16,745906",leastUsed,6,true,6,8,1,42,8,1,2,128,512,"0,05",false,0,INFINITY,1,INFINITY,42,962850,598499780,334435817,424484935,1068730318,1611527,437034476,"2025-09-07T16:23:04,179792404",126 {d.services.type=h2; d.arrivals.mu=0.25; i.spikeserver.active=true; d.services.z=1; d.arrivals.fast_interval=100.0; i.max_num_server=6; d.arrivals.type=h2; d.arrivals.fast_mu=0.125; i.start_num_server=6; i.si_max=6.0},126,0,"14665,09924","102655,69468","87990,595441","2805,16367",7,"4,43275771","3,38867837",65535,2702,5053,2401,543,257,"0,07710384","0,03663691","3,3885193226","0,5050710663","15,143234504","2,7417376565","4,4327577098","0,1977667859",7,"1,870328e-14","0,0771038376","0,0145780061","0,0366369116","0,0083750412"
4,100,"0,125","0,25",500,h2,4,h2,1,"0,8","0,05",base1,6,"9,714886","16,745906",leastUsed,7,true,6,8,1,42,8,1,1,128,512,"0,05",false,0,INFINITY,1,INFINITY,42,962850,598499780,334435817,424484935,1068730318,1611527,437034476,"2025-09-07T16:23:05,020132542",127 {d.services.type=h2; d.arrivals.mu=0.25; i.spikeserver.active=true; d.services.z=1; d.arrivals.fast_interval=100.0; i.max_num_server=6; d.arrivals.type=h2; d.arrivals.fast_mu=0.125; i.start_num_server=6; i.si_max=7.0},127,0,"14665,09924","102655,69468","87990,595441","3844,2206868",7,"4,43275771","4,28435376",65535,3922,5487,3319,2370,1876,"0,08372625","0,05064469","4,2841947117","0,7641898861","19,145804529","4,0726508408","4,4327577098","0,1937667771",7,"1,656704e-14","0,0837262531","0,0146921261","0,0506446937","0,011660213"
4,100,"0,125","0,25",500,h2,4,h2,1,"0,8","0,05",base1,6,"9,714886","16,745906",leastUsed,7,true,6,8,1,42,8,1,2,128,512,"0,05",false,0,INFINITY,1,INFINITY,42,962850,598499780,334435817,424484935,1068730318,1611527,437034476,"2025-09-07T16:23:05,896755695",128 {d.services.type=h2; d.arrivals.mu=0.25; i.spikeserver.active=true; d.services.z=1; d.arrivals.fast_interval=100.0; i.max_num_server=6; d.arrivals.type=h2; d.arrivals.fast_mu=0.125; i.start_num_server=6; i.si_max=7.0},128,0,"14665,09924","102655,69468","87990,595441","2554,4178137",7,"4,43275771","3,51042888",65535,2522,5343,2545,536,271,"0,08152895","0,03883421","3,5102698356","0,5245625237","15,687309913","2,839144416","4,4327577098","0,1966280749",7,"1,551357e-14","0,081528954","0,0153855892","0,0388342107","0,0088687146"
4,100,"0,125","0,25",500,h2,4,h2,1,"0,8","0,05",base1,6,"9,714886","16,745906",leastUsed,8,true,6,8,1,42,8,1,1,128,512,"0,05",false,0,INFINITY,1,INFINITY,42,962850,598499780,334435817,424484935,1068730318,1611527,437034476,"2025-09-07T16:23:06,755755424",129 {d.services.type=h2; d.arrivals.mu=0.25; i.spikeserver.active=true; d.services.z=1; d.arrivals.fast_interval=100.0; i.max_num_server=6; d.arrivals.type=h2; d.arrivals.fast_mu=0.125; i.start_num_server=6; i.si_max=8.0},129,0,"14665,09924","102655,69468","87990,595441","3523,049763",7,"4,43275771","4,19019307",65535,3453,5616,3181,2027,1557,"0,08569467","0,04853895","4,1900340292","0,7409691324","18,72502181","3,9454661822","4,4327577098","0,193719276",7,"1,598399e-14","0,085694667","0,0150567326","0,0485389487","0,0112649677"
4,100,"0,125","0,25",500,h2,4,h2,1,"0,8","0,05",base1,6,"9,714886","16,745906",leastUsed,8,true,6,8,1,42,8,1,2,128,512,"0,05",false,0,INFINITY,1,INFINITY,42,962850,598499780,334435817,424484935,1068730318,1611527,437034476,"2025-09-07T16:23:07,624351978",130 {d.services.type=h2; d.arrivals.mu=0.25; i.spikeserver.active=true; d.services.z=1; d.arrivals.fast_interval=100.0; i.max_num_server=6; d.arrivals.type=h2; d.arrivals.fast_mu=0.125; i.start_num_server=6; i.si_max=8.0},130,0,"14665,09924","102655,69468","87990,595441","2328,54531",7,"4,43275771","3,62908338",65535,2305,5603,2662,567,260,"0,0854963","0,04061951","3,6289243381","0,5394252047","16,217549954","2,933676273","4,4327577098","0,1953534238",7,"1,497374e-14","0,0854962997","0,0158983182","0,0406195163","0,0089923896"
4,100,"0,125","0,25",500,h2,4,h2,1,"0,8","0,05",base1,6,"9,714886","16,745906",leastUsed,9,true,6,8,1,42,8,1,1,128,512,"0,05",false,0,INFINITY,1,INFINITY,42,962850,598499780,334435817,424484935,1068730318,1611527,437034476,"2025-09-07T16:23:08,442350388",131 {d.services.type=h2; d.arrivals.mu=0.25; i.spikeserver.active=true; d.services.z=1; d.arrivals.fast_interval=100.0; i.max_num_server=6; d.arrivals.type=h2; d.arrivals.fast_mu=0.125; i.start_num_server=6; i.si_max=9.0},131,0,"14665,09924","102655,69468","87990,595441","3069,3908389",7,"4,43275771","4,14252342",65535,3132,5800,3159,1696,1303,"0,08850233","0,04820325","4,1423643796","0,7139194503","18,511996965","3,8058691859","4,4327577098","0,1938211647",7,"1,88498e-14","0,088502327","0,015673477","0,0482032502","0,0111339066"
4,100,"0,125","0,25",500,h2,4,h2,1,"0,8","0,05",base1,6,"9,714886","16,745906",leastUsed,9,true,6,8,1,42,8,1,2,128,512,"0,05",false,0,INFINITY,1,INFINITY,42,962850,598499780,334435817,424484935,1068730318,1611527,437034476,"2025-09-07T16:23:09,281000137",132 {d.services.type=h2; d.arrivals.mu=0.25; i.spikeserver.active=true; d.services.z=1; d.arrivals.fast_interval=100.0; i.max_num_server=6; d.arrivals.type=h2; d.arrivals.fast_mu=0.125; i.start_num_server=6; i.si_max=9.0},132,0,"14665,09924","102655,69468","87990,595441","2121,5872388",7,"4,43275771","3,74402963",65535,2192,5827,2772,506,235,"0,08891432","0,04229801","3,7438705866","0,5504099593","16,73121865","3,0454135829","4,4327577098","0,1935665592",7,"1,725911e-14","0,0889143206","0,0163531105","0,0422980087","0,0092066135"
4,100,"0,125","0,25",500,h2,4,h2,1,"0,8","0,05",base1,6,"9,714886","16,745906",leastUsed,10,true,6,8,1,42,8,1,1,128,512,"0,05",false,0,INFINITY,1,INFINITY,42,962850,598499780,334435817,424484935,1068730318,1611527,437034476,"2025-09-07T16:23:10,102380276",133 {d.services.type=h2; d.arrivals.mu=0.25; i.spikeserver.active=true; d.services.z=1; d.arrivals.fast_interval=100.0; i.max_num_server=6; d.arrivals.type=h2; d.arrivals.fast_mu=0.125; i.start_num_server=6; i.si_max=10.0},133,0,"14665,09924","102655,69468","87990,595441","2769,8321363",7,"4,43275771","4,0644471",65535,2737,5950,3087,1402,1036,"0,09079118","0,0471046","4,0642880565","0,6482944388","18,163091598","3,5347403646","4,4327577098","0,1919692094",7,"1,631189e-14","0,0907911803","0,0160329786","0,0471046006","0,0105067302"
4,100,"0,125","0,25",500,h2,4,h2,1,"0,8","0,05",base1,6,"9,714886","16,745906",leastUsed,10,true,6,8,1,42,8,1,2,128,512,"0,05",false,0,INFINITY,1,INFINITY,42,962850,598499780,334435817,424484935,1068730318,1611527,437034476,"2025-09-07T16:23:10,941552162",134 {d.services.type=h2; d.arrivals.mu=0.25; i.spikeserver.active=true; d.services.z=1; d.arrivals.fast_interval=100.0; i.max_num_server=6; d.arrivals.type=h2; d.arrivals.fast_mu=0.125; i.start_num_server=6; i.si_max=10.0},134,0,"14665,09924","102655,69468","87990,595441","1979,8792741",7,"4,43275771","3,84115704",65535,2015,6043,2892,478,247,"0,09221027","0,04412909","3,8409979902","0,5663833278","17,165258972","3,1201318553","4,4327577098","0,1927349004",7,"1,625562e-14","0,0922102693","0,0168604913","0,0441290913","0,0095576589"
4,100,"0,125","0,25",500,h2,4,h2,1,"0,8","0,05",base1,6,"9,714886","16,745906",leastUsed,15,true,6,8,1,42,8,1,1,128,512,"0,05",false,0,INFINITY,1,INFINITY,42,962850,598499780,334435817,424484935,1068730318,1611527,437034476,"2025-09-07T16:23:11,818486691",135 {d.services.type=h2; d.arrivals.mu=0.25; i.spikeserver.active=true; d.services.z=1; d.arrivals.fast_interval=100.0; i.max_num_server=6; d.arrivals.type=h2; d.arrivals.fast_mu=0.125; i.start_num_server=6; i.si_max=15.0},135,0,"14665,09924","102655,69468","87990,595441","1390,6550966",7,"4,43275771","4,39453229",65535,1334,7177,3620,630,435,"0,109514","0,05523766","4,3943732414","0,6817512968","19,638167371","3,7328025057","4,4327577098","0,1846362317",7,"1,647958e-14","0,1095140002","0,020380586","0,0552376593","0,0119852756"
4,100,"0,125","0,25",500,h2,4,h2,1,"0,8","0,05",base1,6,"9,714886","16,745906",leastUsed,15,true,6,8,1,42,8,1,2,128,512,"0,05",false,0,INFINITY,1,INFINITY,42,962850,598499780,334435817,424484935,1068730318,1611527,437034476,"2025-09-07T16:23:12,674434185",136 {d.services.type=h2; d.arrivals.mu=0.25; i.spikeserver.active=true; d.services.z=1; d.arrivals.fast_interval=100.0; i.max_num_server=6; d.arrivals.type=h2; d.arrivals.fast_mu=0.125; i.start_num_server=6; i.si_max=15.0},136,0,"14665,09924","102655,69468","87990,595441","1160,9882741",7,"4,43275771","4,37003203",65535,1068,7202,3563,339,184,"0,10989548","0,0543679","4,369872983","0,6606595443","19,528681277","3,6462116485","4,4327577098","0,1844082128",7,"1,79555e-14","0,1098954757","0,0203519792","0,054367895","0,0115194254"
4,100,"0,125","0,25",500,h2,4,h2,1,"0,8","0,05",base1,6,"9,714886","16,745906",leastUsed,20,true,6,8,1,42,8,1,1,128,512,"0,05",false,0,INFINITY,1,INFINITY,42,962850,598499780,334435817,424484935,1068730318,1611527,437034476,"2025-09-07T16:23:13,501310349",137 {d.services.type=h2; d.arrivals.mu=0.25; i.spikeserver.active=true; d.services.z=1; d.arrivals.fast_interval=100.0; i.max_num_server=6; d.arrivals.type=h2; d.arrivals.fast_mu=0.125; i.start_num_server=6; i.si_max=20.0},137,0,"14665,09924","102655,69468","87990,595441","566,17843493",7,"4,43275771","4,77045582",65535,555,7898,4105,208,134,"0,12051576","0,06263828","4,7702967745","0,7468569482","21,318084318","4,0680844813","4,4327577098","0,176415875",7,"1,633072e-14","0,1205157549","0,0227553933","0,0626382849","0,0135610072"
4,100,"0,125","0,25",500,h2,4,h2,1,"0,8","0,05",base1,6,"9,714886","16,745906",leastUsed,20,true,6,8,1,42,8,1,2,128,512,"0,05",false,0,INFINITY,1,INFINITY,42,962850,598499780,334435817,424484935,1068730318,1611527,437034476,"2025-09-07T16:23:14,344741344",138 {d.services.type=h2; d.arrivals.mu=0.25; i.spikeserver.active=true; d.services.z=1; d.arrivals.fast_interval=100.0; i.max_num_server=6; d.arrivals.type=h2; d.arrivals.fast_mu=0.125; i.start_num_server=6; i.si_max=20.0},138,0,"14665,09924","102655,69468","87990,595441","428,28644992",7,"4,43275771","4,80759329",65535,475,7949,4144,135,75,"0,12129396","0,06323339","4,8074342492","0,7497011242","21,484043263","4,0834036768","4,4327577098","0,174771261",7,"1,670866e-14","0,1212939651","0,0228244893","0,0632333867","0,0136485276"
4,100,"0,125","0,25",500,h2,4,h2,1,"0,8","0,05",base1,6,"9,714886","16,745906",leastUsed,"0,4",true,6,8,1,42,8,1,2,128,512,"0,05",false,0,INFINITY,1,INFINITY,42,962850,598499780,334435817,424484935,1068730318,1611527,437034476,"2025-09-07T16:23:15,187308788",201 {d.services.type=h2; d.arrivals.mu=0.25; i.spikeserver.active=true; d.services.z=1; d.arrivals.fast_interval=100.0; i.max_num_server=6; d.arrivals.type=h2; d.arrivals.fast_mu=0.125; i.start_num_server=6; i.si_max=0.4},201,0,"14665,303069","102657,12149","87991,818417","10549,905105",7,"4,43292083","2,86081109",65535,10328,4083,1937,692,331,"0,06230259","0,02955673","2,8605516208","0,4637082489","12,784137781","2,4431178573","4,4329208282","0,2006261588",7,"1,639295e-14","0,0623025864","0,0134075651","0,0295567254","0,0078118225"
4,100,"0,125","0,25",500,h2,4,h2,1,"0,8","0,05",base1,7,"9,714886","16,745906",leastUsed,"0,4",true,7,8,1,42,8,1,2,128,512,"0,05",false,0,INFINITY,1,INFINITY,42,962850,598499780,334435817,424484935,1068730318,1611527,437034476,"2025-09-07T16:23:16,000073433",202 {d.services.type=h2; d.arrivals.mu=0.25; i.spikeserver.active=true; d.services.z=1; d.arrivals.fast_interval=100.0; i.max_num_server=7; d.arrivals.type=h2; d.arrivals.fast_mu=0.125; i.start_num_server=7; i.si_max=0.4},202,0,"14665,037247","117320,29798","102655,26073","9921,3256093",8,"4,43294963","1,86197967",65535,9781,2216,939,346,140,"0,03381399","0,01432822","1,8618485064","0,2433137285","8,3207997059","1,3222291642","4,4329496316","0,2144783596",8,"2,173121e-14","0,0338139925","0,0067900343","0,0143282216","0,0037805447"
4,100,"0,125","0,25",500,h2,4,h2,1,"0,8","0,05",base1,8,"9,714886","16,745906",leastUsed,"0,4",true,8,8,1,42,8,1,2,128,512,"0,05",false,0,INFINITY,1,INFINITY,42,962850,598499780,334435817,424484935,1068730318,1611527,437034476,"2025-09-07T16:23:16,816555500",203 {d.services.type=h2; d.arrivals.mu=0.25; i.spikeserver.active=true; d.services.z=1; d.arrivals.fast_interval=100.0; i.max_num_server=8; d.arrivals.type=h2; d.arrivals.fast_mu=0.125; i.start_num_server=8; i.si_max=0.4},203,0,"14665,037247","131985,33522","117320,29798","8341,9661686",9,"4,43296451","1,41576779",65535,8472,1458,542,208,88,"0,02224765","0,00827039","1,4156366303","0,1251638462","6,3267716781","0,7704216954","4,4329645131","0,2207958386",9,"3,105347e-14","0,0222476539","0,0032818736","0,0082703899","0,0020256569"
4,100,"0,125","0,25",500,h2,4,h2,1,"0,8","0,05",base1,6,"9,714886","16,745906",leastUsed,"0,8",true,6,8,1,42,8,1,2,128,512,"0,05",false,0,INFINITY,1,INFINITY,42,962850,598499780,334435817,424484935,1068730318,1611527,437034476,"2025-09-07T16:23:17,657439709",204 {d.services.type=h2; d.arrivals.mu=0.25; i.spikeserver.active=true; d.services.z=1; d.arrivals.fast_interval=100.0; i.max_num_server=6; d.arrivals.type=h2; d.arrivals.fast_mu=0.125; i.start_num_server=6; i.si_max=0.8},204,0,"14665,037247","102655,26073","87990,223482","8675,9216735",7,"4,43291055","2,87031281",65535,8745,4100,1939,643,316,"0,06256199","0,02958724","2,8701816466","0,4643196494","12,826830699","2,4551748478","4,4329105512","0,20036109",7,"1,702585e-14","0,0625619898","0,0133821098","0,0295872435","0,0078083565"
4,100,"0,125","0,25",500,h2,4,h2,1,"0,8","0,05",base1,7,"9,714886","16,745906",leastUsed,"0,8",true,7,8,1,42,8,1,2,128,512,"0,05",false,0,INFINITY,1,INFINITY,42,962850,598499780,334435817,424484935,1068730318,1611527,437034476,"2025-09-07T16:23:18,472297192",205 {d.services.type=h2; d.arrivals.mu=0.25; i.spikeserver.active=true; d.services.z=1; d.arrivals.fast_interval=100.0; i.max_num_server=7; d.arrivals.type=h2; d.arrivals.fast_mu=0.125; i.start_num_server=7; i.si_max=0.8},205,0,"14665,037247","117320,29798","102655,26073","6738,8126222",8,"4,43294963","1,85995711",65535,6741,2207,956,300,143,"0,03367666","0,01458762","1,8598259504","0,2414615666","8,311761324","1,3188016488","4,4329496316","0,2152247453",8,"2,093014e-14","0,0336766613","0,0067389463","0,0145876249","0,0038636475"
4,100,"0,125","0,25",500,h2,4,h2,1,"0,8","0,05",base1,8,"9,714886","16,745906",leastUsed,"0,8",true,8,8,1,42,8,1,2,128,512,"0,05",false,0,INFINITY,1,INFINITY,42,962850,598499780,334435817,424484935,1068730318,1611527,437034476,"2025-09-07T16:23:19,284387589",206 {d.services.type=h2; d.arrivals.mu=0.25; i.spikeserver.active=true; d.services.z=1; d.arrivals.fast_interval=100.0; i.max_num_server=8; d.arrivals.type=h2; d.arrivals.fast_mu=0.125; i.start_num_server=8; i.si_max=0.8},206,0,"14665,037247","131985,33522","117320,29798","4948,1997212",9,"4,43296451","1,41559572",65535,5056,1483,513,170,68,"0,02262913","0,00782788","1,4154645579","0,1270996489","6,3260027219","0,7777133051","4,4329645131","0,2209311597",9,"3,157837e-14","0,0226291295","0,0033512387","0,0078278782","0,0019968789"
4,100,"0,125","0,25",500,h2,4,h2,1,"0,8","0,05",base1,6,"9,714886","16,745906",leastUsed,"1,2",true,6,8,1,42,8,1,2,128,512,"0,05",false,0,INFINITY,1,INFINITY,42,962850,598499780,334435817,424484935,1068730318,1611527,437034476,"2025-09-07T16:23:20,121426105",207 {d.services.type=h2; d.arrivals.mu=0.25; i.spikeserver.active=true; d.services.z=1; d.arrivals.fast_interval=100.0; i.max_num_server=6; d.arrivals.type=h2; d.arrivals.fast_mu=0.125; i.start_num_server=6; i.si_max=1.2000000000000002},207,0,"14665,037247","102655,26073","87990,223482","6393,1776879",7,"4,43277562","2,8851262",65535,6019,4125,1942,611,311,"0,06294347","0,02963302","2,8849950414","0,4581517349","12,893028677","2,4287870901","4,4327756199","0,2003208687",7,"1,838643e-14","0,0629434653","0,0133066345","0,0296330205","0,0077492877"
4,100,"0,125","0,25",500,h2,4,h2,1,"0,8","0,05",base1,7,"9,714886","16,745906",leastUsed,"1,2",true,7,8,1,42,8,1,2,128,512,"0,05",false,0,INFINITY,1,INFINITY,42,962850,598499780,334435817,424484935,1068730318,1611527,437034476,"2025-09-07T16:23:20,945685387",208 {d.services.type=h2; d.arrivals.mu=0.25; i.spikeserver.active=true; d.services.z=1; d.arrivals.fast_interval=100.0; i.max_num_server=7; d.arrivals.type=h2; d.arrivals.fast_mu=0.125; i.start_num_server=7; i.si_max=1.2000000000000002},208,0,"14665,09924","117320,79392","102655,69468","4426,4741505",8,"4,43284143","1,88122273",65535,4284,2230,954,261,134,"0,03402762","0,01455711","1,8810636859","0,2405416053","8,4067574075","1,3161496643","4,4328414336","0,2146994114",8,"2,124728e-14","0,0340276188","0,0065983558","0,0145571069","0,0038056471"
4,100,"0,125","0,25",500,h2,4,h2,1,"0,8","0,05",base1,8,"9,714886","16,745906",leastUsed,"1,2",true,8,8,1,42,8,1,2,128,512,"0,05",false,0,INFINITY,1,INFINITY,42,962850,598499780,334435817,424484935,1068730318,1611527,437034476,"2025-09-07T16:23:21,879161358",209 {d.services.type=h2; d.arrivals.mu=0.25; i.spikeserver.active=true; d.services.z=1; d.arrivals.fast_interval=100.0; i.max_num_server=8; d.arrivals.type=h2; d.arrivals.fast_mu=0.125; i.start_num_server=8; i.si_max=1.2000000000000002},209,0,"14665,037247","131985,33522","117320,29798","3157,0554044",9,"4,43295835","1,43633211",65535,3090,1508,550,125,65,"0,02301061","0,00839246","1,4362009477","0,1270401228","6,4186693334","0,7816397191","4,4329583491","0,2210448028",9,"2,956812e-14","0,023010605","0,0034038648","0,008392462","0,0020050708"
4,100,"0,125","0,25",500,h2,4,h2,1,"0,8","0,05",base1,6,"9,714886","16,745906",leastUsed,"1,6",true,6,8,1,42,8,1,2,128,512,"0,05",false,0,INFINITY,1,INFINITY,42,962850,598499780,334435817,424484935,1068730318,1611527,437034476,"2025-09-07T16:23:22,805638313",210 {d.services.type=h2; d.arrivals.mu=0.25; i.spikeserver.active=true; d.services.z=1; d.arrivals.fast_interval=100.0; i.max_num_server=6; d.arrivals.type=h2; d.arrivals.fast_mu=0.125; i.start_num_server=6; i.si_max=1.6},210,0,"14665,09924","102655,69468","87990,595441","5159,3974512",7,"4,43275771","2,9175372",65535,4968,4167,1979,556,291,"0,06358434","0,0301976","2,9173781516","0,4595055349","13,037811545","2,4347945982","4,4327577098","0,2010830923",7,"1,776381e-14","0,0635843442","0,0132926069","0,0301976043","0,0077681115"
4,100,"0,125","0,25",500,h2,4,h2,1,"0,8","0,05",base1,7,"9,714886","16,745906",leastUsed,"1,6",true,7,8,1,42,8,1,2,128,512,"0,05",false,0,INFINITY,1,INFINITY,42,962850,598499780,334435817,424484935,1068730318,1611527,437034476,"2025-09-07T16:23:23,651996136",211 {d.services.type=h2; d.arrivals.mu=0.25; i.spikeserver.active=true; d.services.z=1; d.arrivals.fast_interval=100.0; i.max_num_server=7; d.arrivals.type=h2; d.arrivals.fast_mu=0.125; i.start_num_server=7; i.si_max=1.6},211,0,"14665,09924","117320,79392","102655,69468","3327,9085154",8,"4,43284143","1,90474489",65535,3134,2256,988,244,114,"0,03442435","0,01507591","1,9045858428","0,2378475181","8,5118725878","1,3171962692","4,4328414336","0,2141118667",8,"2,000405e-14","0,0344243534","0,006601207","0,0150759136","0,0038056651"
4,100,"0,125","0,25",500,h2,4,h2,1,"0,8","0,05",base1,8,"9,714886","16,745906",leastUsed,"1,6",true,8,8,1,42,8,1,2,128,512,"0,05",false,0,INFINITY,1,INFINITY,42,962850,598499780,334435817,424484935,1068730318,1611527,437034476,"2025-09-07T16:23:24,570097446",212 {d.services.type=h2; d.arrivals.mu=0.25; i.spikeserver.active=true; d.services.z=1; d.arrivals.fast_interval=100.0; i.max_num_server=8; d.arrivals.type=h2; d.arrivals.fast_mu=0.125; i.start_num_server=8; i.si_max=1.6},212,0,"14665,037247","131985,33522","117320,29798","2331,8090956",9,"4,43295835","1,45602658",65535,2398,1556,576,108,49,"0,02374304","0,0087892","1,45589542","0,1275458594","6,506679832","0,7874825575","4,4329583491","0,2209156656",9,"2,723381e-14","0,0237430381","0,0034335427","0,0087891966","0,0020747309"
4,100,"0,125","0,25",500,h2,4,h2,1,"0,8","0,05",base1,6,"9,714886","16,745906",leastUsed,2,true,6,8,1,42,8,1,2,128,512,"0,05",false,0,INFINITY,1,INFINITY,42,962850,598499780,334435817,424484935,1068730318,1611527,437034476,"2025-09-07T16:23:25,431449890",213 {d.services.type=h2; d.arrivals.mu=0.25; i.spikeserver.active=true; d.services.z=1; d.arrivals.fast_interval=100.0; i.max_num_server=6; d.arrivals.type=h2; d.arrivals.fast_mu=0.125; i.start_num_server=6; i.si_max=2.0},213,0,"14665,09924","102655,69468","87990,595441","4489,6420656",7,"4,43275771","2,95874663",65535,4468,4233,2007,554,262,"0,06459144","0,03062486","2,958587581","0,4594978843","13,221967131","2,4424589132","4,4327577098","0,1997353727",7,"1,72289e-14","0,0645914397","0,0132696535","0,0306248569","0,0078517652"
4,100,"0,125","0,25",500,h2,4,h2,1,"0,8","0,05",base1,7,"9,714886","16,745906",leastUsed,2,true,7,8,1,42,8,1,2,128,512,"0,05",false,0,INFINITY,1,INFINITY,42,962850,598499780,334435817,424484935,1068730318,1611527,437034476,"2025-09-07T16:23:26,216453552",214 {d.services.type=h2; d.arrivals.mu=0.25; i.spikeserver.active=true; d.services.z=1; d.arrivals.fast_interval=100.0; i.max_num_server=7; d.arrivals.type=h2; d.arrivals.fast_mu=0.125; i.start_num_server=7; i.si_max=2.0},214,0,"14665,09924","117320,79392","102655,69468","2919,3559252",8,"4,43284143","1,93031558",65535,2795,2318,1009,225,116,"0,03537041","0,01539635","1,9301565375","0,2404689958","8,6261422186","1,3307346905","4,4328414336","0,2143757421",8,"2,199728e-14","0,0353704128","0,0067519424","0,0153963531","0,00380945"
4,100,"0,125","0,25",500,h2,4,h2,1,"0,8","0,05",base1,8,"9,714886","16,745906",leastUsed,2,true,8,8,1,42,8,1,2,128,512,"0,05",false,0,INFINITY,1,INFINITY,42,962850,598499780,334435817,424484935,1068730318,1611527,437034476,"2025-09-07T16:23:27,097496033",215 {d.services.type=h2; d.arrivals.mu=0.25; i.spikeserver.active=true; d.services.z=1; d.arrivals.fast_interval=100.0; i.max_num_server=8; d.arrivals.type=h2; d.arrivals.fast_mu=0.125; i.start_num_server=8; i.si_max=2.0},215,0,"14665,037247","131985,33522","117320,29798","1961,5565024",9,"4,43295835","1,47343556",65535,2038,1542,562,102,40,"0,02352941","0,00857557","1,4733043943","0,1271726771","6,5844769161","0,7936354001","4,4329583491","0,220388023",9,"2,713057e-14","0,0235294118","0,0033287381","0,0085755703","0,0020525775"
4,100,"0,125","0,25",500,h2,4,h2,1,"0,8","0,05",base1,6,"9,714886","16,745906",leastUsed,"2,4",true,6,8,1,42,8,1,2,128,512,"0,05",false,0,INFINITY,1,INFINITY,42,962850,598499780,334435817,424484935,1068730318,1611527,437034476,"2025-09-07T16:23:27,982009411",216 {d.services.type=h2; d.arrivals.mu=0.25; i.spikeserver.active=true; d.services.z=1; d.arrivals.fast_interval=100.0; i.max_num_server=6; d.arrivals.type=h2; d.arrivals.fast_mu=0.125; i.start_num_server=6; i.si_max=2.4},216,0,"14665,09924","102655,69468","87990,595441","3846,2803969",7,"4,43275771","3,01797229",65535,4047,4389,2080,536,277,"0,06697185","0,03173877","3,0178132445","0,4635946555","13,486633179","2,4689691887","4,4327577098","0,2002997861",7,"1,607169e-14","0,0669718471","0,0134552538","0,0317387655","0,0078330167"
4,100,"0,125","0,25",500,h2,4,h2,1,"0,8","0,05",base1,7,"9,714886","16,745906",leastUsed,"2,4",true,7,8,1,42,8,1,2,128,512,"0,05",false,0,INFINITY,1,INFINITY,42,962850,598499780,334435817,424484935,1068730318,1611527,437034476,"2025-09-07T16:23:28,834317207",217 {d.services.type=h2; d.arrivals.mu=0.25; i.spikeserver.active=true; d.services.z=1; d.arrivals.fast_interval=100.0; i.max_num_server=7; d.arrivals.type=h2; d.arrivals.fast_mu=0.125; i.start_num_server=7; i.si_max=2.4},217,0,"14665,09924","117320,79392","102655,69468","2496,7894171",8,"4,43284143","1,97630889",65535,2715,2373,1044,205,98,"0,03620966","0,01593042","1,976149848","0,25052344","8,8316758845","1,3728976933","4,4328414336","0,2143321878",8,"2,159666e-14","0,036209659","0,0069673189","0,0159304189","0,003994974"
4,100,"0,125","0,25",500,h2,4,h2,1,"0,8","0,05",base1,8,"9,714886","16,745906",leastUsed,"2,4",true,8,8,1,42,8,1,2,128,512,"0,05",false,0,INFINITY,1,INFINITY,42,962850,598499780,334435817,424484935,1068730318,1611527,437034476,"2025-09-07T16:23:29,673224449",218 {d.services.type=h2; d.arrivals.mu=0.25; i.spikeserver.active=true; d.services.z=1; d.arrivals.fast_interval=100.0; i.max_num_server=8; d.arrivals.type=h2; d.arrivals.fast_mu=0.125; i.start_num_server=8; i.si_max=2.4},218,0,"14665,037247","131985,33522","117320,29798","1598,3716861",9,"4,43295835","1,50585707",65535,1510,1615,622,96,41,"0,02464332","0,00949111","1,50572591","0,1324184439","6,7293619234","0,8229983822","4,4329583491","0,2200828127",9,"2,87144e-14","0,0246433204","0,0035175559","0,0094911116","0,0021249589"
4,100,"0,125","0,25",500,h2,4,h2,1,"0,8","0,05",base1,6,"9,714886","16,745906",leastUsed,"2,8",true,6,8,1,42,8,1,2,128,512,"0,05",false,0,INFINITY,1,INFINITY,42,962850,598499780,334435817,424484935,1068730318,1611527,437034476,"2025-09-07T16:23:30,567605019",219 {d.services.type=h2; d.arrivals.mu=0.25; i.spikeserver.active=true; d.services.z=1; d.arrivals.fast_interval=100.0; i.max_num_server=6; d.arrivals.type=h2; d.arrivals.fast_mu=0.125; i.start_num_server=6; i.si_max=2.8},219,0,"14665,09924","102655,69468","87990,595441","3642,7948216",7,"4,43275771","3,05386828",65535,3649,4422,2107,574,275,"0,06747539","0,03215076","3,0537092391","0,4680417734","13,647044232","2,4854954312","4,4327577098","0,199525623",7,"1,699611e-14","0,0674753948","0,0134899718","0,0321507591","0,0078885461"
4,100,"0,125","0,25",500,h2,4,h2,1,"0,8","0,05",base1,7,"9,714886","16,745906",leastUsed,"2,8",true,7,8,1,42,8,1,2,128,512,"0,05",false,0,INFINITY,1,INFINITY,42,962850,598499780,334435817,424484935,1068730318,1611527,437034476,"2025-09-07T16:23:31,407718182",220 {d.services.type=h2; d.arrivals.mu=0.25; i.spikeserver.active=true; d.services.z=1; d.arrivals.fast_interval=100.0; i.max_num_server=7; d.arrivals.type=h2; d.arrivals.fast_mu=0.125; i.start_num_server=7; i.si_max=2.8},220,0,"14665,09924","117320,79392","102655,69468","2244,016617",8,"4,43284143","2,00450019",65535,2385,2428,1048,201,91,"0,03704891","0,01599145","2,0043411475","0,2512086155","8,9576564034","1,3957343368","4,4328414336","0,2144538109",8,"2,046645e-14","0,0370489052","0,0069481904","0,0159914549","0,0039733779"
4,100,"0,125","0,25",500,h2,4,h2,1,"0,8","0,05",base1,8,"9,714886","16,745906",leastUsed,"2,8",true,8,8,1,42,8,1,2,128,512,"0,05",false,0,INFINITY,1,INFINITY,42,962850,598499780,334435817,424484935,1068730318,1611527,437034476,"2025-09-07T16:23:32,341293335",221 {d.services.type=h2; d.arrivals.mu=0.25; i.spikeserver.active=true; d.services.z=1; d.arrivals.fast_interval=100.0; i.max_num_server=8; d.arrivals.type=h2; d.arrivals.fast_mu=0.125; i.start_num_server=8; i.si_max=2.8},221,0,"14665,037247","131985,33522","117320,29798","1328,0688292",9,"4,43295835","1,54180554",65535,1404,1670,641,67,31,"0,02548257","0,00978103","1,541674378","0,1363824521","6,8900081466","0,8541900603","4,4329583491","0,2198982482",9,"2,593926e-14","0,0254825666","0,0036495354","0,009781033","0,0021339014"
4,100,"0,125","0,25",500,h2,4,h2,1,"0,8","0,05",base1,6,"9,714886","16,745906",leastUsed,"3,2",true,6,8,1,42,8,1,2,128,512,"0,05",false,0,INFINITY,1,INFINITY,42,962850,598499780,334435817,424484935,1068730318,1611527,437034476,"2025-09-07T16:23:33,270120144",222 {d.services.type=h2; d.arrivals.mu=0.25; i.spikeserver.active=true; d.services.z=1; d.arrivals.fast_interval=100.0; i.max_num_server=6; d.arrivals.type=h2; d.arrivals.fast_mu=0.125; i.start_num_server=6; i.si_max=3.1999999999999997},222,0,"14665,09924","102655,69468","87990,595441","3405,4751712",7,"4,43275771","3,11404846",65535,3452,4510,2155,521,267,"0,06881819","0,03288319","3,1138894162","0,471353123","13,915975785","2,5247657616","4,4327577098","0,1987579016",7,"1,754539e-14","0,0688181888","0,013601186","0,0328831922","0,0079405416"
4,100,"0,125","0,25",500,h2,4,h2,1,"0,8","0,05",base1,7,"9,714886","16,745906",leastUsed,"3,2",true,7,8,1,42,8,1,2,128,512,"0,05",false,0,INFINITY,1,INFINITY,42,962850,598499780,334435817,424484935,1068730318,1611527,437034476,"2025-09-07T16:23:34,100196838",223 {d.services.type=h2; d.arrivals.mu=0.25; i.spikeserver.active=true; d.services.z=1; d.arrivals.fast_interval=100.0; i.max_num_server=7; d.arrivals.type=h2; d.arrivals.fast_mu=0.125; i.start_num_server=7; i.si_max=3.1999999999999997},223,0,"14665,09924","117320,79392","102655,69468","2149,5140701",8,"4,43284143","2,03794155",65535,2073,2461,1072,198,107,"0,03755245","0,01635767","2,0377825029","0,2570332741","9,1070982304","1,4186573732","4,4328414336","0,2140526989",8,"2,047617e-14","0,0375524529","0,0069872577","0,0163576715","0,0041350552"
4,100,"0,125","0,25",500,h2,4,h2,1,"0,8","0,05",base1,8,"9,714886","16,745906",leastUsed,"3,2",true,8,8,1,42,8,1,2,128,512,"0,05",false,0,INFINITY,1,INFINITY,42,962850,598499780,334435817,424484935,1068730318,1611527,437034476,"2025-09-07T16:23:34,937287331",224 {d.services.type=h2; d.arrivals.mu=0.25; i.spikeserver.active=true; d.services.z=1; d.arrivals.fast_interval=100.0; i.max_num_server=8; d.arrivals.type=h2; d.arrivals.fast_mu=0.125; i.start_num_server=8; i.si_max=3.1999999999999997},224,0,"14665,037247","131985,33522","117320,29798","1186,2325702",9,"4,43295835","1,56769154",65535,1219,1716,661,75,27,"0,02618448","0,01008621","1,5675603807","0,1408397209","7,0056873066","0,8848238474","4,4329583491","0,220065057",9,"2,628905e-14","0,0261844816","0,0037254442","0,0100862135","0,0022419668"
4,100,"0,125","0,25",500,h2,4,h2,1,"0,8","0,05",base1,6,"9,714886","16,745906",leastUsed,"3,6",true,6,8,1,42,8,1,2,128,512,"0,05",false,0,INFINITY,1,INFINITY,42,962850,598499780,334435817,424484935,1068730318,1611527,437034476,"2025-09-07T16:23:35,851826191",225 {d.services.type=h2; d.arrivals.mu=0.25; i.spikeserver.active=true; d.services.z=1; d.arrivals.fast_interval=100.0; i.max_num_server=6; d.arrivals.type=h2; d.arrivals.fast_mu=0.125; i.start_num_server=6; i.si_max=3.5999999999999996},225,0,"14665,09924","102655,69468","87990,595441","3285,8990904",7,"4,43275771","3,14484645",65535,3165,4578,2172,550,272,"0,0698558","0,0331426","3,1446874053","0,4764706789","14,053605007","2,5481090934","4,4327577098","0,1984345827",7,"1,651637e-14","0,0698558022","0,0137639906","0,0331425956","0,0080032668"
4,100,"0,125","0,25",500,h2,4,h2,1,"0,8","0,05",base1,7,"9,714886","16,745906",leastUsed,"3,6",true,7,8,1,42,8,1,2,128,512,"0,05",false,0,INFINITY,1,INFINITY,42,962850,598499780,334435817,424484935,1068730318,1611527,437034476,"2025-09-07T16:23:36,754640102",226 {d.services.type=h2; d.arrivals.mu=0.25; i.spikeserver.active=true; d.services.z=1; d.arrivals.fast_interval=100.0; i.max_num_server=7; d.arrivals.type=h2; d.arrivals.fast_mu=0.125; i.start_num_server=7; i.si_max=3.5999999999999996},226,0,"14665,09924","117320,79392","102655,69468","2047,134378",8,"4,43284143","2,07646613",65535,2014,2537,1124,195,96,"0,03871214","0,01715114","2,0763070844","0,2643706479","9,2792558414","1,4618397022","4,4328414336","0,2137473792",8,"2,257149e-14","0,0387121386","0,007224087","0,0171511406","0,0041356794"
4,100,"0,125","0,25",500,h2,4,h2,1,"0,8","0,05",base1,8,"9,714886","16,745906",leastUsed,"3,6",true,8,8,1,42,8,1,2,128,512,"0,05",false,0,INFINITY,1,INFINITY,42,962850,598499780,334435817,424484935,1068730318,1611527,437034476,"2025-09-07T16:23:37,725324154",227 {d.services.type=h2; d.arrivals.mu=0.25; i.spikeserver.active=true; d.services.z=1; d.arrivals.fast_interval=100.0; i.max_num_server=8; d.arrivals.type=h2; d.arrivals.fast_mu=0.125; i.start_num_server=8; i.si_max=3.5999999999999996},227,0,"14665,037247","131985,33522","117320,29798","1066,0100289",9,"4,43295835","1,59100089",65535,989,1738,684,61,30,"0,02652018","0,01043717","1,5908697277","0,1464731229","7,1098519282","0,9075954588","4,4329583491","0,2195830474",9,"2,563985e-14","0,0265201801","0,0038480613","0,010437171","0,0023577213"
4,100,"0,125","0,25",500,h2,4,h2,1,"0,8","0,05",base1,6,"9,714886","16,745906",leastUsed,4,true,6,8,1,42,8,1,2,128,512,"0,05",false,0,INFINITY,1,INFINITY,42,962850,598499780,334435817,424484935,1068730318,1611527,437034476,"2025-09-07T16:23:38,721805096",228 {d.services.type=h2; d.arrivals.mu=0.25; i.spikeserver.active=true; d.services.z=1; d.arrivals.fast_interval=100.0; i.max_num_server=6; d.arrivals.type=h2; d.arrivals.fast_mu=0.125; i.start_num_server=6; i.si_max=3.9999999999999996},228,0,"14665,09924","102655,69468","87990,595441","3184,3994965",7,"4,43275771","3,20219287",65535,3293,4686,2244,538,274,"0,07150377","0,03424124","3,2020338251","0,4841839586","14,309873142","2,5865788954","4,4327577098","0,1985943697",7,"1,54756e-14","0,0715037766","0,0139011374","0,0342412451","0,008122252"
4,100,"0,125","0,25",500,h2,4,h2,1,"0,8","0,05",base1,7,"9,714886","16,745906",leastUsed,4,true,7,8,1,42,8,1,2,128,512,"0,05",false,0,INFINITY,1,INFINITY,42,962850,598499780,334435817,424484935,1068730318,1611527,437034476,"2025-09-07T16:23:39,648585796",229 {d.services.type=h2; d.arrivals.mu=0.25; i.spikeserver.active=true; d.services.z=1; d.arrivals.fast_interval=100.0; i.max_num_server=7; d.arrivals.type=h2; d.arrivals.fast_mu=0.125; i.start_num_server=7; i.si_max=3.9999999999999996},229,0,"14665,09924","117320,79392","102655,69468","1918,348368",8,"4,43284143","2,09472854",65535,1908,2597,1121,190,90,"0,03962768","0,01710536","2,0945694936","0,2673692158","9,3608664032","1,4790988318","4,4328414336","0,2137392513",8,"2,081715e-14","0,0396276799","0,0073379155","0,0171053635","0,004205082"
4,100,"0,125","0,25",500,h2,4,h2,1,"0,8","0,05",base1,8,"9,714886","16,745906",leastUsed,4,true,8,8,1,42,8,1,2,128,512,"0,05",false,0,INFINITY,1,INFINITY,42,962850,598499780,334435817,424484935,1068730318,1611527,437034476,"2025-09-07T16:23:40,617654324",230 {d.services.type=h2; d.arrivals.mu=0.25; i.spikeserver.active=true; d.services.z=1; d.arrivals.fast_interval=100.0; i.max_num_server=8; d.arrivals.type=h2; d.arrivals.fast_mu=0.125; i.start_num_server=8; i.si_max=3.9999999999999996},230,0,"14665,037247","131985,33522","117320,29798","910,00179025",9,"4,43295835","1,61502704",65535,830,1763,718,57,28,"0,02690165","0,01095598","1,6148958752","0,1483854373","7,217219782","0,9283313936","4,4329583491","0,2190384881",9,"2,71684e-14","0,0269016556","0,0037829187","0,0109559777","0,0023916937"
4,100,"0,125","0,25",500,h2,4,h2,1,"0,8","0,05",base1,6,"9,714886","16,745906",leastUsed,4,true,6,8,1,42,8,1,2,128,512,"0,05",false,0,INFINITY,1,INFINITY,42,962850,598499780,334435817,424484935,1068730318,1611527,437034476,"2025-09-07T16:23:41,629501820",231 {d.services.type=h2; d.arrivals.mu=0.25; i.spikeserver.active=true; d.services.z=1; d.arrivals.fast_interval=100.0; i.max_num_server=6; d.arrivals.type=h2; d.arrivals.fast_mu=0.125; i.start_num_server=6; i.si_max=4.0},231,0,"14665,09924","102655,69468","87990,595441","3184,3994965",7,"4,43275771","3,20219287",65535,3293,4686,2244,538,274,"0,07150377","0,03424124","3,2020338251","0,4841839586","14,309873142","2,5865788954","4,4327577098","0,1985943697",7,"1,54756e-14","0,0715037766","0,0139011374","0,0342412451","0,008122252"
4,100,"0,125","0,25",500,h2,4,h2,1,"0,8","0,05",base1,7,"9,714886","16,745906",leastUsed,4,true,7,8,1,42,8,1,2,128,512,"0,05",false,0,INFINITY,1,INFINITY,42,962850,598499780,334435817,424484935,1068730318,1611527,437034476,"2025-09-07T16:23:42,573106766",232 {d.services.type=h2; d.arrivals.mu=0.25; i.spikeserver.active=true; d.services.z=1; d.arrivals.fast_interval=100.0; i.max_num_server=7; d.arrivals.type=h2; d.arrivals.fast_mu=0.125; i.start_num_server=7; i.si_max=4.0},232,0,"14665,09924","117320,79392","102655,69468","1918,348368",8,"4,43284143","2,09472854",65535,1908,2597,1121,190,90,"0,03962768","0,01710536","2,0945694936","0,2673692158","9,3608664032","1,4790988318","4,4328414336","0,2137392513",8,"2,081715e-14","0,0396276799","0,0073379155","0,0171053635","0,004205082"
4,100,"0,125","0,25",500,h2,4,h2,1,"0,8","0,05",base1,8,"9,714886","16,745906",leastUsed,4,true,8,8,1,42,8,1,2,128,512,"0,05",false,0,INFINITY,1,INFINITY,42,962850,598499780,334435817,424484935,1068730318,1611527,437034476,"2025-09-07T16:23:43,555868149",233 {d.services.type=h2; d.arrivals.mu=0.25; i.spikeserver.active=true; d.services.z=1; d.arrivals.fast_interval=100.0; i.max_num_server=8; d.arrivals.type=h2; d.arrivals.fast_mu=0.125; i.start_num_server=8; i.si_max=4.0},233,0,"14665,037247","131985,33522","117320,29798","910,00179025",9,"4,43295835","1,61502704",65535,830,1763,718,57,28,"0,02690165","0,01095598","1,6148958752","0,1483854373","7,217219782","0,9283313936","4,4329583491","0,2190384881",9,"2,71684e-14","0,0269016556","0,0037829187","0,0109559777","0,0023916937"
4,100,"0,125","0,25",500,h2,4,h2,1,"0,8","0,05",base1,6,"9,714886","16,745906",leastUsed,5,true,6,8,1,42,8,1,2,128,512,"0,05",false,0,INFINITY,1,INFINITY,42,962850,598499780,334435817,424484935,1068730318,1611527,437034476,"2025-09-07T16:23:44,581055641",234 {d.services.type=h2; d.arrivals.mu=0.25; i.spikeserver.active=true; d.services.z=1; d.arrivals.fast_interval=100.0; i.max_num_server=6; d.arrivals.type=h2; d.arrivals.fast_mu=0.125; i.start_num_server=6; i.si_max=5.0},234,0,"14665,09924","102655,69468","87990,595441","2926,7621515",7,"4,43275771","3,29611668",65535,3047,4884,2325,558,270,"0,07452507","0,03547722","3,2959576345","0,495037751","14,729597329","2,6606795406","4,4327577098","0,1983045308",7,"1,626065e-14","0,0745250629","0,0142616142","0,0354772259","0,0083199902"
4,100,"0,125","0,25",500,h2,4,h2,1,"0,8","0,05",base1,7,"9,714886","16,745906",leastUsed,5,true,7,8,1,42,8,1,2,128,512,"0,05",false,0,INFINITY,1,INFINITY,42,962850,598499780,334435817,424484935,1068730318,1611527,437034476,"2025-09-07T16:23:45,581269264",235 {d.services.type=h2; d.arrivals.mu=0.25; i.spikeserver.active=true; d.services.z=1; d.arrivals.fast_interval=100.0; i.max_num_server=7; d.arrivals.type=h2; d.arrivals.fast_mu=0.125; i.start_num_server=7; i.si_max=5.0},235,0,"14665,09924","117320,79392","102655,69468","1606,9245961",8,"4,43284143","2,20370866",65535,1636,2759,1232,178,78,"0,04209964","0,01879911","2,2035496159","0,2822288991","9,8478738348","1,57809014","4,4328414336","0,2125102365",8,"1,915952e-14","0,0420996414","0,0077842754","0,018799115","0,004410352"
4,100,"0,125","0,25",500,h2,4,h2,1,"0,8","0,05",base1,8,"9,714886","16,745906",leastUsed,5,true,8,8,1,42,8,1,2,128,512,"0,05",false,0,INFINITY,1,INFINITY,42,962850,598499780,334435817,424484935,1068730318,1611527,437034476,"2025-09-07T16:23:46,566825390",236 {d.services.type=h2; d.arrivals.mu=0.25; i.spikeserver.active=true; d.services.z=1; d.arrivals.fast_interval=100.0; i.max_num_server=8; d.arrivals.type=h2; d.arrivals.fast_mu=0.125; i.start_num_server=8; i.si_max=5.0},236,0,"14665,037247","131985,33522","117320,29798","567,29862199",9,"4,43295835","1,69109206",65535,562,1886,776,44,24,"0,02877852","0,011841","1,6909608974","0,1708955818","7,5571385391","1,0294688128","4,4329583491","0,2182161004",9,"3,030901e-14","0,0287785153","0,0044597939","0,011841001","0,0027363522"
4,100,"0,125","0,25",500,h2,4,h2,1,"0,8","0,05",base1,6,"9,714886","16,745906",leastUsed,6,true,6,8,1,42,8,1,2,128,512,"0,05",false,0,INFINITY,1,INFINITY,42,962850,598499780,334435817,424484935,1068730318,1611527,437034476,"2025-09-07T16:23:47,990282536",237 {d.services.type=h2; d.arrivals.mu=0.25; i.spikeserver.active=true; d.services.z=1; d.arrivals.fast_interval=100.0; i.max_num_server=6; d.arrivals.type=h2; d.arrivals.fast_mu=0.125; i.start_num_server=6; i.si_max=6.0},237,0,"14665,09924","102655,69468","87990,595441","2805,16367",7,"4,43275771","3,38867837",65535,2702,5053,2401,543,257,"0,07710384","0,03663691","3,3885193226","0,5050710663","15,143234504","2,7417376565","4,4327577098","0,1977667859",7,"1,870328e-14","0,0771038376","0,0145780061","0,0366369116","0,0083750412"
4,100,"0,125","0,25",500,h2,4,h2,1,"0,8","0,05",base1,7,"9,714886","16,745906",leastUsed,6,true,7,8,1,42,8,1,2,128,512,"0,05",false,0,INFINITY,1,INFINITY,42,962850,598499780,334435817,424484935,1068730318,1611527,437034476,"2025-09-07T16:23:49,037333965",238 {d.services.type=h2; d.arrivals.mu=0.25; i.spikeserver.active=true; d.services.z=1; d.arrivals.fast_interval=100.0; i.max_num_server=7; d.arrivals.type=h2; d.arrivals.fast_mu=0.125; i.start_num_server=7; i.si_max=6.0},238,0,"14665,09924","117320,79392","102655,69468","1393,2244603",8,"4,43284143","2,28856863",65535,1337,2929,1319,175,78,"0,04469367","0,02012665","2,2884095898","0,2970873077","10,227093798","1,6579886803","4,4328414336","0,2120430566",8,"2,119042e-14","0,0446936751","0,0081527558","0,0201266499","0,0046860741"
4,100,"0,125","0,25",500,h2,4,h2,1,"0,8","0,05",base1,8,"9,714886","16,745906",leastUsed,6,true,8,8,1,42,8,1,2,128,512,"0,05",false,0,INFINITY,1,INFINITY,42,962850,598499780,334435817,424484935,1068730318,1611527,437034476,"2025-09-07T16:23:50,237501144",239 {d.services.type=h2; d.arrivals.mu=0.25; i.spikeserver.active=true; d.services.z=1; d.arrivals.fast_interval=100.0; i.max_num_server=8; d.arrivals.type=h2; d.arrivals.fast_mu=0.125; i.start_num_server=8; i.si_max=6.0},239,0,"14665,037247","131985,33522","117320,29798","345,73023932",9,"4,43295835","1,74806674",65535,311,1984,818,36,18,"0,0302739","0,01248188","1,7479355755","0,1900055749","7,8117465203","1,1130184606","4,4329583491","0,2174828457",9,"2,606103e-14","0,0302738994","0,0049557289","0,0124818799","0,0029681605"
4,100,"0,125","0,25",500,h2,4,h2,1,"0,8","0,05",base1,6,"9,714886","16,745906",leastUsed,7,true,6,8,1,42,8,1,2,128,512,"0,05",false,0,INFINITY,1,INFINITY,42,962850,598499780,334435817,424484935,1068730318,1611527,437034476,"2025-09-07T16:23:51,270331383",240 {d.services.type=h2; d.arrivals.mu=0.25; i.spikeserver.active=true; d.services.z=1; d.arrivals.fast_interval=100.0; i.max_num_server=6; d.arrivals.type=h2; d.arrivals.fast_mu=0.125; i.start_num_server=6; i.si_max=7.0},240,0,"14665,09924","102655,69468","87990,595441","2554,4178137",7,"4,43275771","3,51042888",65535,2522,5343,2545,536,271,"0,08152895","0,03883421","3,5102698356","0,5245625237","15,687309913","2,839144416","4,4327577098","0,1966280749",7,"1,551357e-14","0,081528954","0,0153855892","0,0388342107","0,0088687146"
4,100,"0,125","0,25",500,h2,4,h2,1,"0,8","0,05",base1,7,"9,714886","16,745906",leastUsed,7,true,7,8,1,42,8,1,2,128,512,"0,05",false,0,INFINITY,1,INFINITY,42,962850,598499780,334435817,424484935,1068730318,1611527,437034476,"2025-09-07T16:23:52,278337955",241 {d.services.type=h2; d.arrivals.mu=0.25; i.spikeserver.active=true; d.services.z=1; d.arrivals.fast_interval=100.0; i.max_num_server=7; d.arrivals.type=h2; d.arrivals.fast_mu=0.125; i.start_num_server=7; i.si_max=7.0},241,0,"14665,09924","117320,79392","102655,69468","1112,4260505",8,"4,43284143","2,38666787",65535,1036,3109,1401,143,65,"0,0474403","0,02137789","2,3865088223","0,3170782338","10,665477002","1,7626354188","4,4328414336","0,2096429232",8,"2,121113e-14","0,0474402991","0,008720947","0,0213778897","0,004912369"
4,100,"0,125","0,25",500,h2,4,h2,1,"0,8","0,05",base1,8,"9,714886","16,745906",leastUsed,7,true,8,8,1,42,8,1,2,128,512,"0,05",false,0,INFINITY,1,INFINITY,42,962850,598499780,334435817,424484935,1068730318,1611527,437034476,"2025-09-07T16:23:53,357545376",242 {d.services.type=h2; d.arrivals.mu=0.25; i.spikeserver.active=true; d.services.z=1; d.arrivals.fast_interval=100.0; i.max_num_server=8; d.arrivals.type=h2; d.arrivals.fast_mu=0.125; i.start_num_server=8; i.si_max=7.0},242,0,"14665,037247","131985,33522","117320,29798","216,82859783",9,"4,43295835","1,78657808",65535,226,2043,848,26,14,"0,03117418","0,01293965","1,786446922","0,2037489391","7,9838457144","1,1689363714","4,4329583491","0,2164730585",9,"2,834336e-14","0,0311741817","0,0053392887","0,0129396506","0,0031641347"
4,100,"0,125","0,25",500,h2,4,h2,1,"0,8","0,05",base1,6,"9,714886","16,745906",leastUsed,8,true,6,8,1,42,8,1,2,128,512,"0,05",false,0,INFINITY,1,INFINITY,42,962850,598499780,334435817,424484935,1068730318,1611527,437034476,"2025-09-07T16:23:54,421389103",243 {d.services.type=h2; d.arrivals.mu=0.25; i.spikeserver.active=true; d.services.z=1; d.arrivals.fast_interval=100.0; i.max_num_server=6; d.arrivals.type=h2; d.arrivals.fast_mu=0.125; i.start_num_server=6; i.si_max=8.0},243,0,"14665,09924","102655,69468","87990,595441","2328,54531",7,"4,43275771","3,62908338",65535,2305,5603,2662,567,260,"0,0854963","0,04061951","3,6289243381","0,5394252047","16,217549954","2,933676273","4,4327577098","0,1953534238",7,"1,497374e-14","0,0854962997","0,0158983182","0,0406195163","0,0089923896"
4,100,"0,125","0,25",500,h2,4,h2,1,"0,8","0,05",base1,7,"9,714886","16,745906",leastUsed,8,true,7,8,1,42,8,1,2,128,512,"0,05",false,0,INFINITY,1,INFINITY,42,962850,598499780,334435817,424484935,1068730318,1611527,437034476,"2025-09-07T16:23:55,442083836",244 {d.services.type=h2; d.arrivals.mu=0.25; i.spikeserver.active=true; d.services.z=1; d.arrivals.fast_interval=100.0; i.max_num_server=7; d.arrivals.type=h2; d.arrivals.fast_mu=0.125; i.start_num_server=7; i.si_max=8.0},244,0,"14665,09924","117320,79392","102655,69468","796,05065483",8,"4,43284143","2,50021631",65535,887,3343,1521,127,48,"0,05101091","0,02320897","2,5000572661","0,3423700896","11,172899226","1,8951465155","4,4328414336","0,2078895793",8,"2,227544e-14","0,0510109102","0,0094588307","0,0232089723","0,0054226623"
4,100,"0,125","0,25",500,h2,4,h2,1,"0,8","0,05",base1,8,"9,714886","16,745906",leastUsed,8,true,8,8,1,42,8,1,2,128,512,"0,05",false,0,INFINITY,1,INFINITY,42,962850,598499780,334435817,424484935,1068730318,1611527,437034476,"2025-09-07T16:23:56,469195843",245 {d.services.type=h2; d.arrivals.mu=0.25; i.spikeserver.active=true; d.services.z=1; d.arrivals.fast_interval=100.0; i.max_num_server=8; d.arrivals.type=h2; d.arrivals.fast_mu=0.125; i.start_num_server=8; i.si_max=8.0},245,0,"14665,037247","131985,33522","117320,29798","194,92277924",9,"4,43295835","1,80957661",65535,168,2098,884,26,12,"0,03201343","0,01348898","1,8094454449","0,2139013098","8,086621328","1,2147698308","4,4329583491","0,2158017438",9,"2,617647e-14","0,0320134279","0,0057342653","0,0134889754","0,0034032455"
4,100,"0,125","0,25",500,h2,4,h2,1,"0,8","0,05",base1,6,"9,714886","16,745906",leastUsed,9,true,6,8,1,42,8,1,2,128,512,"0,05",false,0,INFINITY,1,INFINITY,42,962850,598499780,334435817,424484935,1068730318,1611527,437034476,"2025-09-07T16:23:57,587949276",246 {d.services.type=h2; d.arrivals.mu=0.25; i.spikeserver.active=true; d.services.z=1; d.arrivals.fast_interval=100.0; i.max_num_server=6; d.arrivals.type=h2; d.arrivals.fast_mu=0.125; i.start_num_server=6; i.si_max=9.0},246,0,"14665,09924","102655,69468","87990,595441","2121,5872388",7,"4,43275771","3,74402963",65535,2192,5827,2772,506,235,"0,08891432","0,04229801","3,7438705866","0,5504099593","16,73121865","3,0454135829","4,4327577098","0,1935665592",7,"1,725911e-14","0,0889143206","0,0163531105","0,0422980087","0,0092066135"
4,100,"0,125","0,25",500,h2,4,h2,1,"0,8","0,05",base1,7,"9,714886","16,745906",leastUsed,9,true,7,8,1,42,8,1,2,128,512,"0,05",false,0,INFINITY,1,INFINITY,42,962850,598499780,334435817,424484935,1068730318,1611527,437034476,"2025-09-07T16:23:58,676514149",247 {d.services.type=h2; d.arrivals.mu=0.25; i.spikeserver.active=true; d.services.z=1; d.arrivals.fast_interval=100.0; i.max_num_server=7; d.arrivals.type=h2; d.arrivals.fast_mu=0.125; i.start_num_server=7; i.si_max=9.0},247,0,"14665,09924","117320,79392","102655,69468","668,10202951",8,"4,43284143","2,56833121",65535,622,3515,1574,107,49,"0,05363546","0,0240177","2,5681721601","0,3586592999","11,477289227","1,9785381487","4,4328414336","0,20637719",8,"2,331751e-14","0,053635462","0,0100732465","0,0240177005","0,005700869"
4,100,"0,125","0,25",500,h2,4,h2,1,"0,8","0,05",base1,8,"9,714886","16,745906",leastUsed,9,true,8,8,1,42,8,1,2,128,512,"0,05",false,0,INFINITY,1,INFINITY,42,962850,598499780,334435817,424484935,1068730318,1611527,437034476,"2025-09-07T16:23:59,787424564",248 {d.services.type=h2; d.arrivals.mu=0.25; i.spikeserver.active=true; d.services.z=1; d.arrivals.fast_interval=100.0; i.max_num_server=8; d.arrivals.type=h2; d.arrivals.fast_mu=0.125; i.start_num_server=8; i.si_max=9.0},248,0,"14665,037247","131985,33522","117320,29798","105,90365529",9,"4,43295835","1,82405568",65535,127,2127,892,18,7,"0,03245594","0,01361105","1,8239245188","0,2196609253","8,1513252963","1,2435043893","4,4329583491","0,2154558847",9,"2,557503e-14","0,0324559396","0,0059286889","0,0136110475","0,0034460336"
4,100,"0,125","0,25",500,h2,4,h2,1,"0,8","0,05",base1,6,"9,714886","16,745906",leastUsed,10,true,6,8,1,42,8,1,2,128,512,"0,05",false,0,INFINITY,1,INFINITY,42,962850,598499780,334435817,424484935,1068730318,1611527,437034476,"2025-09-07T16:24:00,899563789",249 {d.services.type=h2; d.arrivals.mu=0.25; i.spikeserver.active=true; d.services.z=1; d.arrivals.fast_interval=100.0; i.max_num_server=6; d.arrivals.type=h2; d.arrivals.fast_mu=0.125; i.start_num_server=6; i.si_max=10.0},249,0,"14665,09924","102655,69468","87990,595441","1979,8792741",7,"4,43275771","3,84115704",65535,2015,6043,2892,478,247,"0,09221027","0,04412909","3,8409979902","0,5663833278","17,165258972","3,1201318553","4,4327577098","0,1927349004",7,"1,625562e-14","0,0922102693","0,0168604913","0,0441290913","0,0095576589"
4,100,"0,125","0,25",500,h2,4,h2,1,"0,8","0,05",base1,7,"9,714886","16,745906",leastUsed,10,true,7,8,1,42,8,1,2,128,512,"0,05",false,0,INFINITY,1,INFINITY,42,962850,598499780,334435817,424484935,1068730318,1611527,437034476,"2025-09-07T16:24:01,972217083",250 {d.services.type=h2; d.arrivals.mu=0.25; i.spikeserver.active=true; d.services.z=1; d.arrivals.fast_interval=100.0; i.max_num_server=7; d.arrivals.type=h2; d.arrivals.fast_mu=0.125; i.start_num_server=7; i.si_max=10.0},250,0,"14665,09924","117320,79392","102655,69468","479,27278545",8,"4,43284143","2,63776611",65535,490,3662,1630,100,45,"0,05587854","0,02487221","2,6376070639","0,379428435","11,787578053","2,0644322945","4,4328414336","0,2047729464",8,"2,271982e-14","0,0558785382","0,010764684","0,0248722057","0,0058903461"
4,100,"0,125","0,25",500,h2,4,h2,1,"0,8","0,05",base1,8,"9,714886","16,745906",leastUsed,10,true,8,8,1,42,8,1,2,128,512,"0,05",false,0,INFINITY,1,INFINITY,42,962850,598499780,334435817,424484935,1068730318,1611527,437034476,"2025-09-07T16:24:03,499049187",251 {d.services.type=h2; d.arrivals.mu=0.25; i.spikeserver.active=true; d.services.z=1; d.arrivals.fast_interval=100.0; i.max_num_server=8; d.arrivals.type=h2; d.arrivals.fast_mu=0.125; i.start_num_server=8; i.si_max=10.0},251,0,"14665,037247","131985,33522","117320,29798","75,4212616",9,"4,43295835","1,83696706",65535,60,2148,904,19,8,"0,03277638","0,01379416","1,8368358999","0,2261133041","8,209023572","1,2726040897","4,4329583491","0,2147427804",9,"2,952567e-14","0,032776379","0,0061118424","0,0137941558","0,0035334256"
4,100,"0,125","0,25",500,h2,4,h2,1,"0,8","0,05",base1,6,"9,714886","16,745906",leastUsed,15,true,6,8,1,42,8,1,2,128,512,"0,05",false,0,INFINITY,1,INFINITY,42,962850,598499780,334435817,424484935,1068730318,1611527,437034476,"2025-09-07T16:24:04,943646431",252 {d.services.type=h2; d.arrivals.mu=0.25; i.spikeserver.active=true; d.services.z=1; d.arrivals.fast_interval=100.0; i.max_num_server=6; d.arrivals.type=h2; d.arrivals.fast_mu=0.125; i.start_num_server=6; i.si_max=15.0},252,0,"14665,09924","102655,69468","87990,595441","1160,9882741",7,"4,43275771","4,37003203",65535,1068,7202,3563,339,184,"0,10989548","0,0543679","4,369872983","0,6606595443","19,528681277","3,6462116485","4,4327577098","0,1844082128",7,"1,79555e-14","0,1098954757","0,0203519792","0,054367895","0,0115194254"
4,100,"0,125","0,25",500,h2,4,h2,1,"0,8","0,05",base1,7,"9,714886","16,745906",leastUsed,15,true,7,8,1,42,8,1,2,128,512,"0,05",false,0,INFINITY,1,INFINITY,42,962850,598499780,334435817,424484935,1068730318,1611527,437034476,"2025-09-07T16:24:06,343083382",253 {d.services.type=h2; d.arrivals.mu=0.25; i.spikeserver.active=true; d.services.z=1; d.arrivals.fast_interval=100.0; i.max_num_server=7; d.arrivals.type=h2; d.arrivals.fast_mu=0.125; i.start_num_server=7; i.si_max=15.0},253,0,"14665,09924","117320,79392","102655,69468","152,89155734",8,"4,43284143","2,78647757",65535,127,3962,1831,34,20,"0,06045625","0,02793927","2,7863185237","0,4292284134","12,452135814","2,298961048","4,4328414336","0,2013805059",8,"2,299531e-14","0,0604562448","0,0124499906","0,0279392691","0,0070905985"
4,100,"0,125","0,25",500,h2,4,h2,1,"0,8","0,05",base1,8,"9,714886","16,745906",leastUsed,15,true,8,8,1,42,8,1,2,128,512,"0,05",false,0,INFINITY,1,INFINITY,42,962850,598499780,334435817,424484935,1068730318,1611527,437034476,"2025-09-07T16:24:07,393378258",254 {d.services.type=h2; d.arrivals.mu=0.25; i.spikeserver.active=true; d.services.z=1; d.arrivals.fast_interval=100.0; i.max_num_server=8; d.arrivals.type=h2; d.arrivals.fast_mu=0.125; i.start_num_server=8; i.si_max=15.0},254,0,"14665,037247","131985,33522","117320,29798","1,95939547",9,"4,43295835","1,85687635",65535,5,2192,928,0,0,"0,03344778","0,01416037","1,8567451914","0,2407736837","8,2979940529","1,316398674","4,4329583491","0,2145290678",9,"2,823381e-14","0,033447776","0,00661888","0,0141603723","0,0037960231"
4,100,"0,125","0,25",500,h2,4,h2,1,"0,8","0,05",base1,6,"9,714886","16,745906",leastUsed,20,true,6,8,1,42,8,1,2,128,512,"0,05",false,0,INFINITY,1,INFINITY,42,962850,598499780,334435817,424484935,1068730318,1611527,437034476,"2025-09-07T16:24:08,507493973",255 {d.services.type=h2; d.arrivals.mu=0.25; i.spikeserver.active=true; d.services.z=1; d.arrivals.fast_interval=100.0; i.max_num_server=6; d.arrivals.type=h2; d.arrivals.fast_mu=0.125; i.start_num_server=6; i.si_max=20.0},255,0,"14665,09924","102655,69468","87990,595441","428,28644992",7,"4,43275771","4,80759329",65535,475,7949,4144,135,75,"0,12129396","0,06323339","4,8074342492","0,7497011242","21,484043263","4,0834036768","4,4327577098","0,174771261",7,"1,670866e-14","0,1212939651","0,0228244893","0,0632333867","0,0136485276"
4,100,"0,125","0,25",500,h2,4,h2,1,"0,8","0,05",base1,7,"9,714886","16,745906",leastUsed,20,true,7,8,1,42,8,1,2,128,512,"0,05",false,0,INFINITY,1,INFINITY,42,962850,598499780,334435817,424484935,1068730318,1611527,437034476,"2025-09-07T16:24:09,541847229",256 {d.services.type=h2; d.arrivals.mu=0.25; i.spikeserver.active=true; d.services.z=1; d.arrivals.fast_interval=100.0; i.max_num_server=7; d.arrivals.type=h2; d.arrivals.fast_mu=0.125; i.start_num_server=7; i.si_max=20.0},256,0,"14665,09924","117320,79392","102655,69468","40,2919733",8,"4,43284143","2,83714891",65535,28,4053,1900,8,2,"0,06184481","0,02899214","2,8369898603","0,4521062264","12,678574516","2,4029554953","4,4328414336","0,200370189",8,"2,230643e-14","0,0618448157","0,0130894467","0,0289921416","0,0075931497"
4,100,"0,125","0,25",500,h2,4,h2,1,"0,8","0,05",base1,8,"9,714886","16,745906",leastUsed,20,true,8,8,1,42,8,1,2,128,512,"0,05",false,0,INFINITY,1,INFINITY,42,962850,598499780,334435817,424484935,1068730318,1611527,437034476,"2025-09-07T16:24:10,516404152",257 {d.services.type=h2; d.arrivals.mu=0.25; i.spikeserver.active=true; d.services.z=1; d.arrivals.fast_interval=100.0; i.max_num_server=8; d.arrivals.type=h2; d.arrivals.fast_mu=0.125; i.start_num_server=8; i.si_max=20.0},257,0,"14665,037247","131985,33522","117320,29798",0,9,"4,43295835","1,85814151",65535,0,2196,932,0,0,"0,03350881","0,01422141","1,8580103439","0,2419332914","8,3036477564","1,3195863273","4,4329583491","0,2145244812",9,"2,823381e-14","0,0335088121","0,006673278","0,0142214084","0,0038601004"
4,0,"0,125","0,25",500,h2,4,h2,1,"0,8","0,05",base1,6,"9,714886","16,745906",leastUsed,5,true,6,8,1,42,8,1,2,128,512,"0,05",false,0,INFINITY,1,INFINITY,42,962850,598499780,334435817,424484935,1068730318,1611527,437034476,"2025-09-07T16:24:11,470991135",301 {d.services.type=h2; d.arrivals.mu=0.25; i.spikeserver.active=true; d.services.z=1; d.arrivals.fast_interval=0.0; i.max_num_server=6; d.arrivals.type=h2; d.arrivals.fast_mu=0.125; i.start_num_server=6; i.si_max=5.0},301,0,"16234,223678","113639,56575","97405,342068","11,99169237",7,"4,00435764","1,50914529",65535,20,1644,616,0,0,"0,02508583","0,00939956","1,508961269","0,0591055911","6,0921814714","0,2949313842","4,0043576413","0,0817863167",7,"1,885057e-14","0,025085832","0,0019155148","0,0093995575","0,0012055462"
4,100,"0,125","0,25",500,h2,4,h2,1,"0,8","0,05",base1,6,"9,714886","16,745906",leastUsed,5,true,6,8,1,42,8,1,2,128,512,"0,05",false,0,INFINITY,1,INFINITY,42,962850,598499780,334435817,424484935,1068730318,1611527,437034476,"2025-09-07T16:24:18,051508427",302 {d.services.type=h2; d.arrivals.mu=0.25; i.spikeserver.active=true; d.services.z=1; d.arrivals.fast_interval=100.0; i.max_num_server=6; d.arrivals.type=h2; d.arrivals.fast_mu=0.125; i.start_num_server=6; i.si_max=5.0},302,0,"14665,09924","102655,69468","87990,595441","2926,7621515",7,"4,43275771","3,29611668",65535,3047,4884,2325,558,270,"0,07452507","0,03547722","3,2959576345","0,495037751","14,729597329","2,6606795406","4,4327577098","0,1983045308",7,"1,626065e-14","0,0745250629","0,0142616142","0,0354772259","0,0083199902"
