distribution.arrivals.cv,distribution.arrivals.fast_interval,distribution.arrivals.fast_mu,distribution.arrivals.mu,distribution.arrivals.total_period,distribution.arrivals.type,distribution.services.cv,distribution.services.type,distribution.services.z,distribution.turn_on.mu,distribution.turn_on.std,experiment,infrastructure.max_num_server,infrastructure.response_time_slo.95_perc,infrastructure.response_time_slo.99_perc,infrastructure.scheduler,infrastructure.si_max,infrastructure.spikeserver.active,infrastructure.start_num_server,infrastructure.window_size,random.repeat_config,random.seed,random.total_streams,spikeserver.capacity,spikeserver.version,stats.batch.num,stats.batch.size,stats.confidence.alpha,system.empty_jobs,system.start,system.stop,webserver.capacity,webserver.scaling.out_thr,webserver.scaling.type,STREAM_SEED_0,STREAM_SEED_1,STREAM_SEED_2,STREAM_SEED_3,STREAM_SEED_4,STREAM_SEED_5,STREAM_SEED_6,STREAM_SEED_7,RUN_DATETIME,CONFIGURATION_DESCRIPTION,CONFIGURATION_ID,REPETITION_ID,FINAL_TS,TOTAL_ALLOCATED_CAPACITY,WEB_SERVER_ALLOCATED_CAPACITY,SPIKE_VIRTUAL_ALLOCATED_CAPACITY,ALLOCATED_CAPACITY_PER_SEC,SYSTEM_UTILIZATION,MEAN_SYSTEM_RESPONSE_TIME,TOTAL_JOBS_COMPLETED,TOTAL_SPIKE_JOBS_COMPLETED,TOTAL_SLO_95_VIOLATIONS,TOTAL_SLO_99_VIOLATIONS,SPIKE_SLO_95_VIOLATIONS,SPIKE_SLO_99_VIOLATIONS,SLO_95PERC_VIOLATIONS_PERCENTAGE,SLO_99PERC_VIOLATIONS_PERCENTAGE,BM_SYSTEM_RESPONSE_TIME,BM_SYSTEM_RESPONSE_TIME_W,BM_SYSTEM_JOB_NUMBER,BM_SYSTEM_JOB_NUMBER_W,BM_SYSTEM_UTILIZATION,BM_SYSTEM_UTILIZATION_W,BM_SYSTEM_ALLOCATED_CAPACITY_PER_SEC,BM_SYSTEM_ALLOCATED_CAPACITY_PER_SEC_W,BM_SYSTEM_95PERC_SLO_VIOLATIONS_PERC,BM_SYSTEM_95PERC_SLO_VIOLATIONS_PERC_W,BM_SYSTEM_99PERC_SLO_VIOLATIONS_PERC,BM_SYSTEM_99PERC_SLO_VIOLATIONS_PERC_W
4,100,"0,125","0,25",500,h2,4,h2,1,5,"0,5",adv1,10,"9,714886","16,745906",leastUsed,2,true,1,8,1,42,8,1,2,128,512,"0,05",false,0,INFINITY,1,"0,2",r0,42,962850,598499780,334435817,424484935,1068730318,1611527,437034476,"2025-09-08T18:23:36,630341",101 {d.services.type=h2; ws.scaling.out_thr=0.2; d.arrivals.mu=0.25; i.spikeserver.active=true; d.services.z=1; d.arrivals.fast_interval=100.0; i.max_num_server=10; d.arrivals.type=h2; ws.scaling.type=r0; d.arrivals.fast_mu=0.125; i.start_num_server=1; i.si_max=2.0},101,0,"16330,36418","179570,20356","163239,83938","806,47008338","10,99609302","3,98098824","1,18004253",65535,762,1122,332,31,10,"0,01712062","0,005066","1,1798900296","0,0502883464","4,7356008739","0,43176581","3,9809882398","0,2397701919","10,996093019","0,0064418485","0,0171206226","0,0016617587","0,0050659953","0,0009445615"
4,100,"0,125","0,25",500,h2,4,h2,1,5,"0,5",adv1,10,"9,714886","16,745906",leastUsed,2,true,1,8,1,42,8,1,2,128,512,"0,05",false,0,INFINITY,1,"0,4",r0,42,962850,598499780,334435817,424484935,1068730318,1611527,437034476,"2025-09-08T18:23:38,678582",102 {d.services.type=h2; ws.scaling.out_thr=0.4; d.arrivals.mu=0.25; i.spikeserver.active=true; d.services.z=1; d.arrivals.fast_interval=100.0; i.max_num_server=10; d.arrivals.type=h2; ws.scaling.type=r0; d.arrivals.fast_mu=0.125; i.start_num_server=1; i.si_max=2.0},102,0,"16330,36418","179550,56691","163220,20273","813,55109122","10,99489056","3,98098824","1,18057048",65535,767,1122,332,31,10,"0,01712062","0,005066","1,1804179817","0,050250179","4,7377195863","0,4320711144","3,9809882398","0,2397701919","10,994890557","0,008424475","0,0171206226","0,0016617587","0,0050659953","0,0009445615"
4,100,"0,125","0,25",500,h2,4,h2,1,5,"0,5",adv1,10,"9,714886","16,745906",leastUsed,2,true,1,8,1,42,8,1,2,128,512,"0,05",false,0,INFINITY,1,"0,6",r0,42,962850,598499780,334435817,424484935,1068730318,1611527,437034476,"2025-09-08T18:23:39,838861",103 {d.services.type=h2; ws.scaling.out_thr=0.6000000000000001; d.arrivals.mu=0.25; i.spikeserver.active=true; d.services.z=1; d.arrivals.fast_interval=100.0; i.max_num_server=10; d.arrivals.type=h2; ws.scaling.type=r0; d.arrivals.fast_mu=0.125; i.start_num_server=1; i.si_max=2.0},103,0,"16330,36418","179545,95023","163215,58605","813,90722075","10,99460785","3,98098824","1,18076543",65535,769,1122,332,31,10,"0,01712062","0,005066","1,1806129342","0,0502415917","4,7385019456","0,4321909355","3,9809882398","0,2397701919","10,994607851","0,0088906011","0,0171206226","0,0016617587","0,0050659953","0,0009445615"
4,100,"0,125","0,25",500,h2,4,h2,1,5,"0,5",adv1,10,"9,714886","16,745906",leastUsed,2,true,1,8,1,42,8,1,2,128,512,"0,05",false,0,INFINITY,1,"0,8",r0,42,962850,598499780,334435817,424484935,1068730318,1611527,437034476,"2025-09-08T18:23:40,910439",104 {d.services.type=h2; ws.scaling.out_thr=0.8; d.arrivals.mu=0.25; i.spikeserver.active=true; d.services.z=1; d.arrivals.fast_interval=100.0; i.max_num_server=10; d.arrivals.type=h2; ws.scaling.type=r0; d.arrivals.fast_mu=0.125; i.start_num_server=1; i.si_max=2.0},104,0,"16330,36418","179223,47583","162893,11165","889,13688588","10,97486093","3,98098824","1,2086303",65535,827,1188,368,64,27,"0,01812772","0,00561532","1,2084778047","0,065821551","4,8503258014","0,4700307126","3,9809882398","0,2406105152","10,974860931","0,0204636098","0,018127718","0,0021644094","0,0056153201","0,0013324393"
4,100,"0,125","0,25",500,h2,4,h2,1,5,"0,5",adv1,10,"9,714886","16,745906",leastUsed,2,true,1,8,1,42,8,1,2,128,512,"0,05",false,0,INFINITY,1,1,r0,42,962850,598499780,334435817,424484935,1068730318,1611527,437034476,"2025-09-08T18:23:42,047686",105 {d.services.type=h2; ws.scaling.out_thr=1.0; d.arrivals.mu=0.25; i.spikeserver.active=true; d.services.z=1; d.arrivals.fast_interval=100.0; i.max_num_server=10; d.arrivals.type=h2; ws.scaling.type=r0; d.arrivals.fast_mu=0.125; i.start_num_server=1; i.si_max=2.0},105,0,"16330,36418","177137,2946","160806,93042","1104,1392639","10,84711233","3,98098824","1,22257947",65535,1036,1195,369,62,26,"0,01823453","0,00563058","1,2224269793","0,0622302486","4,9063049056","0,46603944","3,9809882398","0,2403634605","10,847112327","0,0730943245","0,0182345312","0,0018712951","0,0056305791","0,001224343"
4,100,"0,125","0,25",500,h2,4,h2,1,5,"0,5",adv1,10,"9,714886","16,745906",leastUsed,2,true,1,8,1,42,8,1,2,128,512,"0,05",false,0,INFINITY,1,"1,2",r0,42,962850,598499780,334435817,424484935,1068730318,1611527,437034476,"2025-09-08T18:23:43,133732",106 {d.services.type=h2; ws.scaling.out_thr=1.2; d.arrivals.mu=0.25; i.spikeserver.active=true; d.services.z=1; d.arrivals.fast_interval=100.0; i.max_num_server=10; d.arrivals.type=h2; ws.scaling.type=r0; d.arrivals.fast_mu=0.125; i.start_num_server=1; i.si_max=2.0},106,0,"16330,36418","175041,38524","158711,02106","1623,0299181","10,71876801","3,98098824","1,39518689",65535,1469,1621,651,308,182,"0,02473488","0,00993362","1,395034398","0,1211737957","5,5989916735","0,7143920274","3,9809882398","0,2374050114","10,718768015","0,1287418384","0,0247348745","0,0045510291","0,0099336233","0,0032347029"
4,100,"0,125","0,25",500,h2,4,h2,1,5,"0,5",adv1,10,"9,714886","16,745906",leastUsed,2,true,1,8,1,42,8,1,2,128,512,"0,05",false,0,INFINITY,1,"1,4",r0,42,962850,598499780,334435817,424484935,1068730318,1611527,437034476,"2025-09-08T18:23:44,149256",107 {d.services.type=h2; ws.scaling.out_thr=1.4; d.arrivals.mu=0.25; i.spikeserver.active=true; d.services.z=1; d.arrivals.fast_interval=100.0; i.max_num_server=10; d.arrivals.type=h2; ws.scaling.type=r0; d.arrivals.fast_mu=0.125; i.start_num_server=1; i.si_max=2.0},107,0,"16330,36418","173816,69912","157486,33494","1842,0125615","10,6437736","3,98098824","1,53689954",65535,1892,1967,863,462,257,"0,0300145","0,01316854","1,5367470436","0,1554402719","6,1676953549","0,8626122335","3,9809882398","0,2380808812","10,643773599","0,1210049017","0,0300144961","0,0055307062","0,0131685359","0,0039978902"
4,100,"0,125","0,25",500,h2,4,h2,1,5,"0,5",adv1,10,"9,714886","16,745906",leastUsed,2,true,1,8,1,42,8,1,2,128,512,"0,05",false,0,INFINITY,1,"1,6",r0,42,962850,598499780,334435817,424484935,1068730318,1611527,437034476,"2025-09-08T18:23:45,191982",108 {d.services.type=h2; ws.scaling.out_thr=1.5999999999999999; d.arrivals.mu=0.25; i.spikeserver.active=true; d.services.z=1; d.arrivals.fast_interval=100.0; i.max_num_server=10; d.arrivals.type=h2; ws.scaling.type=r0; d.arrivals.fast_mu=0.125; i.start_num_server=1; i.si_max=2.0},108,0,"16330,36418","172038,92783","155708,56365","2160,5113994","10,53491067","3,98098824","1,65408309",65535,2090,2183,1069,573,383,"0,03331044","0,0163119","1,653930594","0,1882975782","6,6379619021","1,0376497863","3,9809882398","0,2344811035","10,534910669","0,1592129292","0,0333104448","0,0064612282","0,0163118944","0,0048365604"
4,100,"0,125","0,25",500,h2,4,h2,1,5,"0,5",adv1,10,"9,714886","16,745906",leastUsed,2,true,1,8,1,42,8,1,2,128,512,"0,05",false,0,INFINITY,1,"1,8",r0,42,962850,598499780,334435817,424484935,1068730318,1611527,437034476,"2025-09-08T18:23:46,282195",109 {d.services.type=h2; ws.scaling.out_thr=1.7999999999999998; d.arrivals.mu=0.25; i.spikeserver.active=true; d.services.z=1; d.arrivals.fast_interval=100.0; i.max_num_server=10; d.arrivals.type=h2; ws.scaling.type=r0; d.arrivals.fast_mu=0.125; i.start_num_server=1; i.si_max=2.0},109,0,"16330,36418","170424,05535","154093,69117","2392,9849351","10,43602295","3,98098824","1,73964744",65535,2412,2469,1160,713,418,"0,03767452","0,01770047","1,7394949402","0,1924752824","6,9813381651","1,0901201863","3,9809882398","0,2366348734","10,436022949","0,1847086914","0,0376745251","0,0071727858","0,0177004654","0,0048626658"
4,100,"0,125","0,25",500,h2,4,h2,1,5,"0,5",adv1,10,"9,714886","16,745906",leastUsed,2,true,1,8,1,42,8,1,2,128,512,"0,05",false,0,INFINITY,1,2,r0,42,962850,598499780,334435817,424484935,1068730318,1611527,437034476,"2025-09-08T18:23:47,373041",110 {d.services.type=h2; ws.scaling.out_thr=1.9999999999999998; d.arrivals.mu=0.25; i.spikeserver.active=true; d.services.z=1; d.arrivals.fast_interval=100.0; i.max_num_server=10; d.arrivals.type=h2; ws.scaling.type=r0; d.arrivals.fast_mu=0.125; i.start_num_server=1; i.si_max=2.0},110,0,"16330,36418","168605,54429","152275,18011","2462,4877932","10,32466529","3,98098824","1,84235108",65535,2334,2617,1336,806,520,"0,03993286","0,02038605","1,8421985862","0,2342958253","7,393495749","1,253368391","3,9809882398","0,2344098405","10,324665295","0,2138584544","0,0399328603","0,0078189744","0,0203860533","0,0059219483"
4,100,"0,125","0,25",500,h2,4,h2,1,5,"0,5",adv1,10,"9,714886","16,745906",leastUsed,2,true,1,8,1,42,8,1,2,128,512,"0,05",false,0,INFINITY,1,"2,2",r0,42,962850,598499780,334435817,424484935,1068730318,1611527,437034476,"2025-09-08T18:23:48,510689",111 {d.services.type=h2; ws.scaling.out_thr=2.1999999999999997; d.arrivals.mu=0.25; i.spikeserver.active=true; d.services.z=1; d.arrivals.fast_interval=100.0; i.max_num_server=10; d.arrivals.type=h2; ws.scaling.type=r0; d.arrivals.fast_mu=0.125; i.start_num_server=1; i.si_max=2.0},111,0,"16330,36418","169863,494","153533,12983","2599,1876125","10,40169663","3,98098824","2,03285139",65535,2625,3128,1689,1048,699,"0,04773022","0,02577249","2,0326988938","0,2550892878","8,1579880482","1,404991364","3,9809882398","0,2327136783","10,401696627","0,1860522893","0,0477302205","0,0090428983","0,025772488","0,006698689"
4,100,"0,125","0,25",500,h2,4,h2,1,5,"0,5",adv1,10,"9,714886","16,745906",leastUsed,2,true,1,8,1,42,8,1,2,128,512,"0,05",false,0,INFINITY,1,"2,4",r0,42,962850,598499780,334435817,424484935,1068730318,1611527,437034476,"2025-09-08T18:23:49,692907",112 {d.services.type=h2; ws.scaling.out_thr=2.4; d.arrivals.mu=0.25; i.spikeserver.active=true; d.services.z=1; d.arrivals.fast_interval=100.0; i.max_num_server=10; d.arrivals.type=h2; ws.scaling.type=r0; d.arrivals.fast_mu=0.125; i.start_num_server=1; i.si_max=2.0},112,0,"16330,36418","168553,15671","152222,79253","2786,5858951","10,32145731","3,98098824","2,05541236",65535,2689,3091,1674,1035,686,"0,04716564","0,0255436","2,0552598618","0,2542967489","8,2485269374","1,4089820255","3,9809882398","0,2314170139","10,321457308","0,2066791069","0,0471656367","0,0087407474","0,0255436027","0,0065717571"
4,100,"0,125","0,25",500,h2,4,h2,1,5,"0,5",adv1,10,"9,714886","16,745906",leastUsed,2,true,1,8,1,42,8,1,2,128,512,"0,05",false,0,INFINITY,1,"2,6",r0,42,962850,598499780,334435817,424484935,1068730318,1611527,437034476,"2025-09-08T18:23:50,970661",113 {d.services.type=h2; ws.scaling.out_thr=2.6; d.arrivals.mu=0.25; i.spikeserver.active=true; d.services.z=1; d.arrivals.fast_interval=100.0; i.max_num_server=10; d.arrivals.type=h2; ws.scaling.type=r0; d.arrivals.fast_mu=0.125; i.start_num_server=1; i.si_max=2.0},113,0,"16330,36418","165031,72743","148701,36325","3139,8612031","10,1058204","3,98098824","2,23016992",65535,3119,3427,1980,1234,848,"0,05229267","0,03021286","2,2300174253","0,288497242","8,9498424012","1,5687410901","3,9809882398","0,2304521495","10,105820398","0,2482793031","0,052292668","0,0094687238","0,0302128634","0,007499579"
4,100,"0,125","0,25",500,h2,4,h2,1,5,"0,5",adv1,10,"9,714886","16,745906",leastUsed,2,true,1,8,1,42,8,1,2,128,512,"0,05",false,0,INFINITY,1,"2,8",r0,42,962850,598499780,334435817,424484935,1068730318,1611527,437034476,"2025-09-08T18:23:52,093338",114 {d.services.type=h2; ws.scaling.out_thr=2.8000000000000003; d.arrivals.mu=0.25; i.spikeserver.active=true; d.services.z=1; d.arrivals.fast_interval=100.0; i.max_num_server=10; d.arrivals.type=h2; ws.scaling.type=r0; d.arrivals.fast_mu=0.125; i.start_num_server=1; i.si_max=2.0},114,0,"16330,36418","162131,9808","145801,61662","3520,0553407","9,92825261","3,98098824","2,3288286",65535,3457,3587,2042,1263,876,"0,05473411","0,03115892","2,3286761013","0,3056246392","9,3457672108","1,6524606556","3,9809882398","0,2346014648","9,9282526108","0,2856847824","0,0547341115","0,0097351417","0,0311589227","0,0078524136"
4,100,"0,125","0,25",500,h2,4,h2,1,5,"0,5",adv1,10,"9,714886","16,745906",leastUsed,2,true,1,8,1,42,8,1,2,128,512,"0,05",false,0,INFINITY,1,3,r0,42,962850,598499780,334435817,424484935,1068730318,1611527,437034476,"2025-09-08T18:23:53,502251",115 {d.services.type=h2; ws.scaling.out_thr=3.0000000000000004; d.arrivals.mu=0.25; i.spikeserver.active=true; d.services.z=1; d.arrivals.fast_interval=100.0; i.max_num_server=10; d.arrivals.type=h2; ws.scaling.type=r0; d.arrivals.fast_mu=0.125; i.start_num_server=1; i.si_max=2.0},115,0,"16330,36418","163862,82056","147532,45638","3258,7404239","10,03424166","3,98098824","2,42272073",65535,3223,3754,2239,1330,934,"0,05728237","0,03416495","2,4225682378","0,3249911611","9,7225635334","1,7529922142","3,9809882398","0,2353057191","10,034241659","0,2702287427","0,0572823682","0,010049804","0,03416495","0,0081009629"
4,100,"0,125","0,25",500,h2,4,h2,1,5,"0,5",adv1,10,"9,714886","16,745906",leastUsed,2,true,1,8,1,42,8,1,2,128,512,"0,05",false,0,INFINITY,1,"3,2",r0,42,962850,598499780,334435817,424484935,1068730318,1611527,437034476,"2025-09-08T18:23:54,710556",116 {d.services.type=h2; ws.scaling.out_thr=3.2000000000000006; d.arrivals.mu=0.25; i.spikeserver.active=true; d.services.z=1; d.arrivals.fast_interval=100.0; i.max_num_server=10; d.arrivals.type=h2; ws.scaling.type=r0; d.arrivals.fast_mu=0.125; i.start_num_server=1; i.si_max=2.0},116,0,"16330,36418","165531,45763","149201,09345","3378,7349422","10,13642169","3,98098824","2,56352062",65535,3218,3840,2422,1426,1045,"0,05859464","0,03695735","2,5633681291","0,3791105511","10,287604262","1,9973038785","3,9809882398","0,2280366707","10,136421687","0,2628110598","0,0585946441","0,0109789559","0,036957351","0,0091347152"
4,100,"0,125","0,25",500,h2,4,h2,1,5,"0,5",adv1,10,"9,714886","16,745906",leastUsed,2,true,1,8,1,42,8,1,2,128,512,"0,05",false,0,INFINITY,1,"3,4",r0,42,962850,598499780,334435817,424484935,1068730318,1611527,437034476,"2025-09-08T18:23:55,853529",117 {d.services.type=h2; ws.scaling.out_thr=3.400000000000001; d.arrivals.mu=0.25; i.spikeserver.active=true; d.services.z=1; d.arrivals.fast_interval=100.0; i.max_num_server=10; d.arrivals.type=h2; ws.scaling.type=r0; d.arrivals.fast_mu=0.125; i.start_num_server=1; i.si_max=2.0},117,0,"16330,36418","165365,31021","149034,94603","3397,0139668","10,12624755","3,98098824","2,51803636",65535,3313,3917,2366,1441,1019,"0,05976959","0,03610285","2,5178838624","0,3393185207","10,105072422","1,9158035213","3,9809882398","0,2270686776","10,126247547","0,2554025659","0,0597695888","0,0106497986","0,0361028458","0,0084578129"
4,100,"0,125","0,25",500,h2,4,h2,1,5,"0,5",adv1,10,"9,714886","16,745906",leastUsed,2,true,1,8,1,42,8,1,2,128,512,"0,05",false,0,INFINITY,1,"3,6",r0,42,962850,598499780,334435817,424484935,1068730318,1611527,437034476,"2025-09-08T18:23:56,946970",118 {d.services.type=h2; ws.scaling.out_thr=3.600000000000001; d.arrivals.mu=0.25; i.spikeserver.active=true; d.services.z=1; d.arrivals.fast_interval=100.0; i.max_num_server=10; d.arrivals.type=h2; ws.scaling.type=r0; d.arrivals.fast_mu=0.125; i.start_num_server=1; i.si_max=2.0},118,0,"16330,36418","160015,13041","143684,76623","3913,0108714","9,79862596","3,98098824","2,78417188",65535,3819,4304,2702,1580,1141,"0,06567483","0,04122988","2,7840193866","0,3864474983","11,173094628","2,1480816821","3,9809882398","0,2311789325","9,7986259611","0,3288106768","0,0656748302","0,011414873","0,0412298772","0,0092831009"
4,100,"0,125","0,25",500,h2,4,h2,1,5,"0,5",adv1,10,"9,714886","16,745906",leastUsed,2,true,1,8,1,42,8,1,2,128,512,"0,05",false,0,INFINITY,1,"3,8",r0,42,962850,598499780,334435817,424484935,1068730318,1611527,437034476,"2025-09-08T18:23:58,048165",119 {d.services.type=h2; ws.scaling.out_thr=3.800000000000001; d.arrivals.mu=0.25; i.spikeserver.active=true; d.services.z=1; d.arrivals.fast_interval=100.0; i.max_num_server=10; d.arrivals.type=h2; ws.scaling.type=r0; d.arrivals.fast_mu=0.125; i.start_num_server=1; i.si_max=2.0},119,0,"16330,36418","160153,70366","143823,33948","3969,2415307","9,80711158","3,98098824","2,94631498",65535,3901,4610,2989,1783,1300,"0,07034409","0,04560922","2,9461624861","0,4088021112","11,823787283","2,2013203174","3,9809882398","0,2256124332","9,8071115803","0,3068786717","0,0703440909","0,0120572942","0,0456092164","0,0100550235"
4,100,"0,125","0,25",500,h2,4,h2,1,5,"0,5",adv1,10,"9,714886","16,745906",leastUsed,2,true,1,8,1,42,8,1,2,128,512,"0,05",false,0,INFINITY,1,4,r0,42,962850,598499780,334435817,424484935,1068730318,1611527,437034476,"2025-09-08T18:23:59,289952",120 {d.services.type=h2; ws.scaling.out_thr=4.000000000000001; d.arrivals.mu=0.25; i.spikeserver.active=true; d.services.z=1; d.arrivals.fast_interval=100.0; i.max_num_server=10; d.arrivals.type=h2; ws.scaling.type=r0; d.arrivals.fast_mu=0.125; i.start_num_server=1; i.si_max=2.0},120,0,"16330,36418","164651,27448","148320,9103","3655,1764003","10,08252312","3,98098824","2,82605462",65535,3571,4371,2752,1635,1202,"0,06669719","0,04199283","2,8259021255","0,3985215072","11,341173262","2,1734835823","3,9809882398","0,2301524015","10,082523125","0,28759232","0,0666971847","0,01189031","0,0419928283","0,0095741153"
4,100,"0,125","0,25",500,h2,4,h2,1,5,"0,5",adv1,10,"9,714886","16,745906",leastUsed,2,true,1,8,1,42,8,1,2,128,512,"0,05",false,0,INFINITY,1,"4,2",r0,42,962850,598499780,334435817,424484935,1068730318,1611527,437034476,"2025-09-08T18:24:00,417732",121 {d.services.type=h2; ws.scaling.out_thr=4.200000000000001; d.arrivals.mu=0.25; i.spikeserver.active=true; d.services.z=1; d.arrivals.fast_interval=100.0; i.max_num_server=10; d.arrivals.type=h2; ws.scaling.type=r0; d.arrivals.fast_mu=0.125; i.start_num_server=1; i.si_max=2.0},121,0,"16330,36418","159453,17562","143122,81144","3969,5845219","9,76421431","3,98098824","3,08237587",65535,3869,4734,3052,1782,1330,"0,07223621","0,04657054","3,082223378","0,435871954","12,369810045","2,413989031","3,9809882398","0,2320658047","9,7642143104","0,3340739592","0,0722362097","0,0124552765","0,0465705348","0,0100742294"
4,100,"0,125","0,25",500,h2,4,h2,1,5,"0,5",adv1,10,"9,714886","16,745906",leastUsed,2,true,1,8,1,42,8,1,2,128,512,"0,05",false,0,INFINITY,1,"4,4",r0,42,962850,598499780,334435817,424484935,1068730318,1611527,437034476,"2025-09-08T18:24:01,663673",122 {d.services.type=h2; ws.scaling.out_thr=4.400000000000001; d.arrivals.mu=0.25; i.spikeserver.active=true; d.services.z=1; d.arrivals.fast_interval=100.0; i.max_num_server=10; d.arrivals.type=h2; ws.scaling.type=r0; d.arrivals.fast_mu=0.125; i.start_num_server=1; i.si_max=2.0},122,0,"16330,36418","162724,19039","146393,82621","3945,8759344","9,96451693","3,98098824","3,16752462",65535,3913,4798,3183,1885,1435,"0,07321279","0,04856947","3,167372126","0,459959405","12,711518481","2,5225130628","3,9809882398","0,2251332998","9,9645169327","0,3097414736","0,0732127871","0,0128209768","0,0485694667","0,0106693301"
4,100,"0,125","0,25",500,h2,4,h2,1,5,"0,5",adv1,10,"9,714886","16,745906",leastUsed,2,true,1,8,1,42,8,1,2,128,512,"0,05",false,0,INFINITY,1,"4,6",r0,42,962850,598499780,334435817,424484935,1068730318,1611527,437034476,"2025-09-08T18:24:02,821696",123 {d.services.type=h2; ws.scaling.out_thr=4.600000000000001; d.arrivals.mu=0.25; i.spikeserver.active=true; d.services.z=1; d.arrivals.fast_interval=100.0; i.max_num_server=10; d.arrivals.type=h2; ws.scaling.type=r0; d.arrivals.fast_mu=0.125; i.start_num_server=1; i.si_max=2.0},123,0,"16330,36418","162537,58606","146207,22188","4027,9324301","9,9530901","3,98098824","3,26283927",65535,3972,4913,3255,1917,1488,"0,07496758","0,04966811","3,2626867726","0,4793588726","13,094023445","2,6226905653","3,9809882398","0,2282306743","9,953090101","0,2993779787","0,0749675746","0,0132968362","0,0496681163","0,0110808531"
4,100,"0,125","0,25",500,h2,4,h2,1,5,"0,5",adv1,10,"9,714886","16,745906",leastUsed,2,true,1,8,1,42,8,1,2,128,512,"0,05",false,0,INFINITY,1,"4,8",r0,42,962850,598499780,334435817,424484935,1068730318,1611527,437034476,"2025-09-08T18:24:03,929607",124 {d.services.type=h2; ws.scaling.out_thr=4.800000000000002; d.arrivals.mu=0.25; i.spikeserver.active=true; d.services.z=1; d.arrivals.fast_interval=100.0; i.max_num_server=10; d.arrivals.type=h2; ws.scaling.type=r0; d.arrivals.fast_mu=0.125; i.start_num_server=1; i.si_max=2.0},124,0,"16330,36418","163710,73846","147380,37428","3793,7588311","10,02492882","3,98098824","3,2582",65535,3676,4995,3263,1862,1431,"0,07621881","0,04979019","3,2580475082","0,4782128829","13,075405722","2,5911171795","3,9809882398","0,2235452587","10,024928817","0,2831598518","0,0762188144","0,0134567056","0,0497901884","0,0109081386"
4,100,"0,125","0,25",500,h2,4,h2,1,5,"0,5",adv1,10,"9,714886","16,745906",leastUsed,2,true,1,8,1,42,8,1,2,128,512,"0,05",false,0,INFINITY,1,5,r0,42,962850,598499780,334435817,424484935,1068730318,1611527,437034476,"2025-09-08T18:24:04,977591",125 {d.services.type=h2; ws.scaling.out_thr=5.000000000000002; d.arrivals.mu=0.25; i.spikeserver.active=true; d.services.z=1; d.arrivals.fast_interval=100.0; i.max_num_server=10; d.arrivals.type=h2; ws.scaling.type=r0; d.arrivals.fast_mu=0.125; i.start_num_server=1; i.si_max=2.0},125,0,"16330,36418","156404,92431","140074,56013","4476,4747615","9,57755275","3,98098824","3,66657415",65535,4499,5561,3744,2135,1667,"0,08485542","0,05712978","3,6664216506","0,5362221702","14,714242378","2,8804006183","3,9809882398","0,2267408154","9,577552747","0,3685682331","0,0848554208","0,0142369283","0,057129778","0,011883702"
4,100,"0,125","0,25",500,h2,4,h2,1,5,"0,5",adv1,10,"9,714886","16,745906",leastUsed,2,true,1,8,1,42,8,1,2,128,512,"0,05",false,0,INFINITY,1,"5,2",r0,42,962850,598499780,334435817,424484935,1068730318,1611527,437034476,"2025-09-08T18:24:06,076622",126 {d.services.type=h2; ws.scaling.out_thr=5.200000000000002; d.arrivals.mu=0.25; i.spikeserver.active=true; d.services.z=1; d.arrivals.fast_interval=100.0; i.max_num_server=10; d.arrivals.type=h2; ws.scaling.type=r0; d.arrivals.fast_mu=0.125; i.start_num_server=1; i.si_max=2.0},126,0,"16330,36418","161528,58685","145198,22267","4029,7326266","9,89130341","3,98089999","3,56745288",65535,3878,5305,3575,1986,1559,"0,08094911","0,054551","3,5673003845","0,5506301955","14,316461159","2,968219957","3,9808999934","0,2265198151","9,891303407","0,318542497","0,0809491112","0,0149749514","0,0545510033","0,0123021091"
4,100,"0,125","0,25",500,h2,4,h2,1,5,"0,5",adv1,10,"9,714886","16,745906",leastUsed,2,true,1,8,1,42,8,1,2,128,512,"0,05",false,0,INFINITY,1,"5,4",r0,42,962850,598499780,334435817,424484935,1068730318,1611527,437034476,"2025-09-08T18:24:07,154922",127 {d.services.type=h2; ws.scaling.out_thr=5.400000000000002; d.arrivals.mu=0.25; i.spikeserver.active=true; d.services.z=1; d.arrivals.fast_interval=100.0; i.max_num_server=10; d.arrivals.type=h2; ws.scaling.type=r0; d.arrivals.fast_mu=0.125; i.start_num_server=1; i.si_max=2.0},127,0,"16330,36418","163356,84679","147026,48261","4016,8258998","10,00325804","3,98098824","3,72137325",65535,3877,5549,3739,2050,1638,"0,08467231","0,05705348","3,7212207501","0,589008246","14,934155354","3,2250646794","3,9809882398","0,2202812843","10,003258041","0,292334223","0,0846723125","0,0160814819","0,0570534829","0,0128580099"
4,100,"0,125","0,25",500,h2,4,h2,1,5,"0,5",adv1,10,"9,714886","16,745906",leastUsed,2,true,1,8,1,42,8,1,2,128,512,"0,05",false,0,INFINITY,1,"5,6",r0,42,962850,598499780,334435817,424484935,1068730318,1611527,437034476,"2025-09-08T18:24:08,469400",128 {d.services.type=h2; ws.scaling.out_thr=5.600000000000002; d.arrivals.mu=0.25; i.spikeserver.active=true; d.services.z=1; d.arrivals.fast_interval=100.0; i.max_num_server=10; d.arrivals.type=h2; ws.scaling.type=r0; d.arrivals.fast_mu=0.125; i.start_num_server=1; i.si_max=2.0},128,0,"16330,36418","157598,64002","141268,27584","4641,193604","9,65065067","3,98098824","3,87000296",65535,4667,5997,4004,2195,1700,"0,09150835","0,06109712","3,8698504693","0,5484395338","15,530617781","3,0799372832","3,9809882398","0,2295662719","9,6506506704","0,3667086244","0,0915083543","0,0151658505","0,0610971237","0,0119753607"
4,100,"0,125","0,25",500,h2,4,h2,1,5,"0,5",adv1,10,"9,714886","16,745906",leastUsed,2,true,1,8,1,42,8,1,2,128,512,"0,05",false,0,INFINITY,1,"5,8",r0,42,962850,598499780,334435817,424484935,1068730318,1611527,437034476,"2025-09-08T18:24:09,671870",129 {d.services.type=h2; ws.scaling.out_thr=5.8000000000000025; d.arrivals.mu=0.25; i.spikeserver.active=true; d.services.z=1; d.arrivals.fast_interval=100.0; i.max_num_server=10; d.arrivals.type=h2; ws.scaling.type=r0; d.arrivals.fast_mu=0.125; i.start_num_server=1; i.si_max=2.0},129,0,"16330,36418","160423,44066","144093,07648","4224,5094444","9,82362909","3,98098824","3,99746296",65535,4200,6012,4141,2215,1769,"0,09173724","0,06318761","3,9973104609","0,650331682","16,042124472","3,3595093145","3,9809882398","0,2290276483","9,823629093","0,3500799544","0,0917372396","0,0168125541","0,0631876097","0,0138167037"
4,100,"0,125","0,25",500,h2,4,h2,1,5,"0,5",adv1,10,"9,714886","16,745906",leastUsed,2,true,1,8,1,42,8,1,2,128,512,"0,05",false,0,INFINITY,1,6,r0,42,962850,598499780,334435817,424484935,1068730318,1611527,437034476,"2025-09-08T18:24:10,992574",130 {d.services.type=h2; ws.scaling.out_thr=6.000000000000003; d.arrivals.mu=0.25; i.spikeserver.active=true; d.services.z=1; d.arrivals.fast_interval=100.0; i.max_num_server=10; d.arrivals.type=h2; ws.scaling.type=r0; d.arrivals.fast_mu=0.125; i.start_num_server=1; i.si_max=2.0},130,0,"16330,36418","157991,02043","141660,65625","4722,1525113","9,67467833","3,98098824","4,36098549",65535,4634,6467,4501,2450,1963,"0,09868009","0,06868086","4,3608329983","0,686658993","17,500968208","3,6166968284","3,9809882398","0,2245837496","9,6746783288","0,3554507886","0,0986800946","0,0169208325","0,0686808576","0,013871626"
4,100,"0,125","0,25",500,h2,4,h2,1,5,"0,5",adv1,10,"9,714886","16,745906",leastUsed,2,true,1,8,1,42,8,1,2,128,512,"0,05",false,0,INFINITY,1,"6,2",r0,42,962850,598499780,334435817,424484935,1068730318,1611527,437034476,"2025-09-08T18:24:12,519273",131 {d.services.type=h2; ws.scaling.out_thr=6.200000000000003; d.arrivals.mu=0.25; i.spikeserver.active=true; d.services.z=1; d.arrivals.fast_interval=100.0; i.max_num_server=10; d.arrivals.type=h2; ws.scaling.type=r0; d.arrivals.fast_mu=0.125; i.start_num_server=1; i.si_max=2.0},131,0,"16330,36418","158637,63517","142307,27099","4360,4587422","9,71427418","3,98098824","4,28026664",65535,4315,6333,4376,2342,1871,"0,09663539","0,06677348","4,2801141471","0,6721687386","17,177037287","3,594166242","3,9809882398","0,2254266478","9,714274184","0,3413928653","0,0966353857","0,017138866","0,0667734798","0,0139861708"
4,100,"0,125","0,25",500,h2,4,h2,1,5,"0,5",adv1,10,"9,714886","16,745906",leastUsed,2,true,1,8,1,42,8,1,2,128,512,"0,05",false,0,INFINITY,1,"6,4",r0,42,962850,598499780,334435817,424484935,1068730318,1611527,437034476,"2025-09-08T18:24:14,765198",132 {d.services.type=h2; ws.scaling.out_thr=6.400000000000003; d.arrivals.mu=0.25; i.spikeserver.active=true; d.services.z=1; d.arrivals.fast_interval=100.0; i.max_num_server=10; d.arrivals.type=h2; ws.scaling.type=r0; d.arrivals.fast_mu=0.125; i.start_num_server=1; i.si_max=2.0},132,0,"16330,36418","160191,25381","143860,88963","4486,5207365","9,80941099","3,98098824","4,39287685",65535,4481,6566,4567,2381,1913,"0,10019074","0,06968796","4,3927243526","0,6886258175","17,628950651","3,7471753822","3,9809882398","0,219674167","9,8094109873","0,3556115098","0,1001907378","0,0177975907","0,069687953","0,0143348185"
4,100,"0,125","0,25",500,h2,4,h2,1,5,"0,5",adv1,10,"9,714886","16,745906",leastUsed,2,true,1,8,1,42,8,1,2,128,512,"0,05",false,0,INFINITY,1,"6,6",r0,42,962850,598499780,334435817,424484935,1068730318,1611527,437034476,"2025-09-08T18:24:17,092182",133 {d.services.type=h2; ws.scaling.out_thr=6.600000000000003; d.arrivals.mu=0.25; i.spikeserver.active=true; d.services.z=1; d.arrivals.fast_interval=100.0; i.max_num_server=10; d.arrivals.type=h2; ws.scaling.type=r0; d.arrivals.fast_mu=0.125; i.start_num_server=1; i.si_max=2.0},133,0,"16330,36418","157471,66567","141141,30149","5030,1114396","9,64287532","3,98098824","4,65039348",65535,4844,6877,4854,2560,2050,"0,10493629","0,07406729","4,6502409827","0,7362817252","18,662384576","3,9171485606","3,9809882398","0,2165938149","9,642875317","0,3773372227","0,1049362936","0,0182162849","0,0740672923","0,0152438508"
4,100,"0,125","0,25",500,h2,4,h2,1,5,"0,5",adv1,10,"9,714886","16,745906",leastUsed,2,true,1,8,1,42,8,1,2,128,512,"0,05",false,0,INFINITY,1,"6,8",r0,42,962850,598499780,334435817,424484935,1068730318,1611527,437034476,"2025-09-08T18:24:18,769293",134 {d.services.type=h2; ws.scaling.out_thr=6.800000000000003; d.arrivals.mu=0.25; i.spikeserver.active=true; d.services.z=1; d.arrivals.fast_interval=100.0; i.max_num_server=10; d.arrivals.type=h2; ws.scaling.type=r0; d.arrivals.fast_mu=0.125; i.start_num_server=1; i.si_max=2.0},134,0,"16330,36418","156966,84721","140636,48303","5061,0505087","9,61196244","3,98098824","4,83080359",65535,4911,7055,4918,2726,2159,"0,1076524","0,07504387","4,8306510923","0,7910664162","19,386384139","4,0163431777","3,9809882398","0,2201730648","9,6119624449","0,3841794558","0,1076523995","0,0188829819","0,0750438697","0,0157569017"
4,100,"0,125","0,25",500,h2,4,h2,1,5,"0,5",adv1,10,"9,714886","16,745906",leastUsed,2,true,1,8,1,42,8,1,2,128,512,"0,05",false,0,INFINITY,1,7,r0,42,962850,598499780,334435817,424484935,1068730318,1611527,437034476,"2025-09-08T18:24:22,023951",135 {d.services.type=h2; ws.scaling.out_thr=7.0000000000000036; d.arrivals.mu=0.25; i.spikeserver.active=true; d.services.z=1; d.arrivals.fast_interval=100.0; i.max_num_server=10; d.arrivals.type=h2; ws.scaling.type=r0; d.arrivals.fast_mu=0.125; i.start_num_server=1; i.si_max=2.0},135,0,"16330,36418","154812,63791","138482,27373","5378,8424694","9,4800481","3,98098824","5,07563238",65535,5359,7278,5101,2771,2237,"0,11105516","0,07783627","5,0754798867","0,8237418578","20,36890081","4,2327537366","3,9809882398","0,2206132665","9,4800481","0,4270473246","0,1110551614","0,019184954","0,0778362707","0,0157982085"
4,100,"0,125","0,25",500,h2,4,h2,1,5,"0,5",adv1,10,"9,714886","16,745906",leastUsed,2,true,1,8,1,42,8,1,2,128,512,"0,05",false,0,INFINITY,1,"7,2",r0,42,962850,598499780,334435817,424484935,1068730318,1611527,437034476,"2025-09-08T18:24:24,714985",136 {d.services.type=h2; ws.scaling.out_thr=7.200000000000004; d.arrivals.mu=0.25; i.spikeserver.active=true; d.services.z=1; d.arrivals.fast_interval=100.0; i.max_num_server=10; d.arrivals.type=h2; ws.scaling.type=r0; d.arrivals.fast_mu=0.125; i.start_num_server=1; i.si_max=2.0},136,0,"16330,36418","154873,26734","138542,90317","4927,7770257","9,48376078","3,98098824","5,15949158",65535,4964,7469,5303,2826,2279,"0,11396963","0,0809186","5,1593390827","0,8414856133","20,705434175","4,3175959633","3,9809882398","0,2214210878","9,4837607808","0,3726397488","0,1139696345","0,0192856682","0,0809185931","0,016080962"
4,100,"0,125","0,25",500,h2,4,h2,1,5,"0,5",adv1,10,"9,714886","16,745906",leastUsed,2,true,1,8,1,42,8,1,2,128,512,"0,05",false,0,INFINITY,1,"7,4",r0,42,962850,598499780,334435817,424484935,1068730318,1611527,437034476,"2025-09-08T18:24:27,342667",137 {d.services.type=h2; ws.scaling.out_thr=7.400000000000004; d.arrivals.mu=0.25; i.spikeserver.active=true; d.services.z=1; d.arrivals.fast_interval=100.0; i.max_num_server=10; d.arrivals.type=h2; ws.scaling.type=r0; d.arrivals.fast_mu=0.125; i.start_num_server=1; i.si_max=2.0},137,0,"16330,36418","156563,40766","140233,04348","4869,3113591","9,58725757","3,98098824","5,27100527",65535,4931,7642,5413,2849,2288,"0,11660945","0,08259708","5,2708527712","0,8918626664","21,152947133","4,530781555","3,9809882398","0,219276537","9,5872575737","0,3487975419","0,1166094453","0,0205567041","0,0825970855","0,0170549796"
4,100,"0,125","0,25",500,h2,4,h2,1,5,"0,5",adv1,10,"9,714886","16,745906",leastUsed,2,true,1,8,1,42,8,1,2,128,512,"0,05",false,0,INFINITY,1,"7,6",r0,42,962850,598499780,334435817,424484935,1068730318,1611527,437034476,"2025-09-08T18:24:29,551158",138 {d.services.type=h2; ws.scaling.out_thr=7.600000000000004; d.arrivals.mu=0.25; i.spikeserver.active=true; d.services.z=1; d.arrivals.fast_interval=100.0; i.max_num_server=10; d.arrivals.type=h2; ws.scaling.type=r0; d.arrivals.fast_mu=0.125; i.start_num_server=1; i.si_max=2.0},138,0,"16330,36418","154156,26594","137825,90176","5463,7339859","9,43985475","3,98098824","5,63984885",65535,5535,7911,5673,3059,2464,"0,12071412","0,08656443","5,6396963577","0,9444595803","22,633144646","4,8762158183","3,9809882398","0,2194367073","9,4398547541","0,4202711928","0,1207141222","0,0209289128","0,0865644312","0,0174605862"
4,100,"0,125","0,25",500,h2,4,h2,1,5,"0,5",adv1,10,"9,714886","16,745906",leastUsed,2,true,1,8,1,42,8,1,2,128,512,"0,05",false,0,INFINITY,1,"7,8",r0,42,962850,598499780,334435817,424484935,1068730318,1611527,437034476,"2025-09-08T18:24:32,031298",139 {d.services.type=h2; ws.scaling.out_thr=7.800000000000004; d.arrivals.mu=0.25; i.spikeserver.active=true; d.services.z=1; d.arrivals.fast_interval=100.0; i.max_num_server=10; d.arrivals.type=h2; ws.scaling.type=r0; d.arrivals.fast_mu=0.125; i.start_num_server=1; i.si_max=2.0},139,0,"16330,36418","155960,93725","139630,57307","5266,9831809","9,55036492","3,98098824","5,55721434",65535,5382,7893,5661,3008,2431,"0,12043946","0,08638132","5,5570618409","0,925864897","22,301526012","4,6613339154","3,9809882398","0,2206220334","9,5503649235","0,3946856952","0,1204394598","0,0198526885","0,086381323","0,0165560269"
4,100,"0,125","0,25",500,h2,4,h2,1,5,"0,5",adv1,10,"9,714886","16,745906",leastUsed,2,true,1,8,1,42,8,1,2,128,512,"0,05",false,0,INFINITY,1,8,r0,42,962850,598499780,334435817,424484935,1068730318,1611527,437034476,"2025-09-08T18:24:33,640916",140 {d.services.type=h2; ws.scaling.out_thr=8.000000000000004; d.arrivals.mu=0.25; i.spikeserver.active=true; d.services.z=1; d.arrivals.fast_interval=100.0; i.max_num_server=10; d.arrivals.type=h2; ws.scaling.type=r0; d.arrivals.fast_mu=0.125; i.start_num_server=1; i.si_max=2.0},140,0,"16330,36418","157077,38456","140747,02038","5055,7587716","9,61873127","3,98098824","5,6419927",65535,5035,8055,5824,2945,2417,"0,12291142","0,08886854","5,6418402046","0,9408089247","22,641748067","4,841268558","3,9809882398","0,2211536963","9,6187312682","0,3822756104","0,1229114214","0,021525209","0,0888685435","0,0180026205"
4,100,"0,125","0,25",500,h2,4,h2,1,5,"0,5",adv1,10,"9,714886","16,745906",leastUsed,2,true,1,8,1,42,8,1,2,128,512,"0,05",false,0,INFINITY,1,"8,2",r0,42,962850,598499780,334435817,424484935,1068730318,1611527,437034476,"2025-09-08T18:24:35,359258",141 {d.services.type=h2; ws.scaling.out_thr=8.200000000000003; d.arrivals.mu=0.25; i.spikeserver.active=true; d.services.z=1; d.arrivals.fast_interval=100.0; i.max_num_server=10; d.arrivals.type=h2; ws.scaling.type=r0; d.arrivals.fast_mu=0.125; i.start_num_server=1; i.si_max=2.0},141,0,"16330,36418","158224,93918","141894,575","5204,437107","9,68900249","3,98098824","5,9601068",65535,5275,8255,6056,3137,2597,"0,12596323","0,09240863","5,9599543018","0,9966613516","23,918364261","5,0706304608","3,9809882398","0,21086967","9,689002489","0,3847668314","0,1259632258","0,0215671336","0,0924086366","0,0181754281"
4,100,"0,125","0,25",500,h2,4,h2,1,5,"0,5",adv1,10,"9,714886","16,745906",leastUsed,2,true,1,8,1,42,8,1,2,128,512,"0,05",false,0,INFINITY,1,"8,4",r0,42,962850,598499780,334435817,424484935,1068730318,1611527,437034476,"2025-09-08T18:24:36,771091",142 {d.services.type=h2; ws.scaling.out_thr=8.400000000000002; d.arrivals.mu=0.25; i.spikeserver.active=true; d.services.z=1; d.arrivals.fast_interval=100.0; i.max_num_server=10; d.arrivals.type=h2; ws.scaling.type=r0; d.arrivals.fast_mu=0.125; i.start_num_server=1; i.si_max=2.0},142,0,"16330,36418","157950,65642","141620,29224","5243,0804421","9,67220661","3,98098824","6,38023402",65535,5118,8580,6351,3211,2732,"0,13092241","0,09691004","6,38008152","1,0798582081","25,604366909","5,6230060706","3,9809882398","0,2068673795","9,6722066134","0,3644553298","0,1309224079","0,0227958336","0,0969100481","0,019127734"
4,100,"0,125","0,25",500,h2,4,h2,1,5,"0,5",adv1,10,"9,714886","16,745906",leastUsed,2,true,1,8,1,42,8,1,2,128,512,"0,05",false,0,INFINITY,1,"8,6",r0,42,962850,598499780,334435817,424484935,1068730318,1611527,437034476,"2025-09-08T18:24:38,359193",143 {d.services.type=h2; ws.scaling.out_thr=8.600000000000001; d.arrivals.mu=0.25; i.spikeserver.active=true; d.services.z=1; d.arrivals.fast_interval=100.0; i.max_num_server=10; d.arrivals.type=h2; ws.scaling.type=r0; d.arrivals.fast_mu=0.125; i.start_num_server=1; i.si_max=2.0},143,0,"16330,36418","154875,32508","138544,9609","5737,6749391","9,48388679","3,98098824","6,53126157",65535,5682,9078,6644,3369,2762,"0,1385214","0,10138094","6,5311090788","1,0671854726","26,210452049","5,6241299005","3,9809882398","0,2104542764","9,4838867876","0,3881122637","0,1385214008","0,023936664","0,1013809415","0,0197412648"
4,100,"0,125","0,25",500,h2,4,h2,1,5,"0,5",adv1,10,"9,714886","16,745906",leastUsed,2,true,1,8,1,42,8,1,2,128,512,"0,05",false,0,INFINITY,1,"8,8",r0,42,962850,598499780,334435817,424484935,1068730318,1611527,437034476,"2025-09-08T18:24:39,779367",144 {d.services.type=h2; ws.scaling.out_thr=8.8; d.arrivals.mu=0.25; i.spikeserver.active=true; d.services.z=1; d.arrivals.fast_interval=100.0; i.max_num_server=10; d.arrivals.type=h2; ws.scaling.type=r0; d.arrivals.fast_mu=0.125; i.start_num_server=1; i.si_max=2.0},144,0,"16330,36418","155808,29453","139477,93035","5453,4485942","9,54101775","3,98098824","6,4660731",65535,5394,8806,6444,3304,2700,"0,13437095","0,09832913","6,4659206001","1,0731191254","25,9488457","5,5325868778","3,9809882398","0,2130645629","9,5410177515","0,3861456284","0,1343709468","0,0231465797","0,0983291371","0,0194890723"
4,100,"0,125","0,25",500,h2,4,h2,1,5,"0,5",adv1,10,"9,714886","16,745906",leastUsed,2,true,1,8,1,42,8,1,2,128,512,"0,05",false,0,INFINITY,1,9,r0,42,962850,598499780,334435817,424484935,1068730318,1611527,437034476,"2025-09-08T18:24:41,089850",145 {d.services.type=h2; ws.scaling.out_thr=9.0; d.arrivals.mu=0.25; i.spikeserver.active=true; d.services.z=1; d.arrivals.fast_interval=100.0; i.max_num_server=10; d.arrivals.type=h2; ws.scaling.type=r0; d.arrivals.fast_mu=0.125; i.start_num_server=1; i.si_max=2.0},145,0,"16330,36418","153908,53351","137578,16933","5801,3231938","9,4246847","3,98098824","6,88506122",65535,5715,9479,6947,3508,2880,"0,14464027","0,10600442","6,8849087278","1,1314009804","27,63027709","5,9209337805","3,9809882398","0,2121968665","9,4246847047","0,4140743289","0,1446402686","0,0245244468","0,1060044251","0,0203127387"
4,100,"0,125","0,25",500,h2,4,h2,1,5,"0,5",adv1,10,"9,714886","16,745906",leastUsed,2,true,1,8,1,42,8,1,2,128,512,"0,05",false,0,INFINITY,1,"9,2",r0,42,962850,598499780,334435817,424484935,1068730318,1611527,437034476,"2025-09-08T18:24:42,343980",146 {d.services.type=h2; ws.scaling.out_thr=9.2; d.arrivals.mu=0.25; i.spikeserver.active=true; d.services.z=1; d.arrivals.fast_interval=100.0; i.max_num_server=10; d.arrivals.type=h2; ws.scaling.type=r0; d.arrivals.fast_mu=0.125; i.start_num_server=1; i.si_max=2.0},146,0,"16330,36418","153320,51509","136990,15092","5990,2555838","9,38867703","3,98098824","7,00823565",65535,6032,9465,6899,3642,2983,"0,14442664","0,105272","7,0080831529","1,1653082316","28,124585475","5,9645546157","3,9809882398","0,208868212","9,3886770317","0,4189046649","0,1444266423","0,0238988198","0,1052719921","0,0198251825"
4,100,"0,125","0,25",500,h2,4,h2,1,5,"0,5",adv1,10,"9,714886","16,745906",leastUsed,2,true,1,8,1,42,8,1,2,128,512,"0,05",false,0,INFINITY,1,"9,4",r0,42,962850,598499780,334435817,424484935,1068730318,1611527,437034476,"2025-09-08T18:24:43,510895",147 {d.services.type=h2; ws.scaling.out_thr=9.399999999999999; d.arrivals.mu=0.25; i.spikeserver.active=true; d.services.z=1; d.arrivals.fast_interval=100.0; i.max_num_server=10; d.arrivals.type=h2; ws.scaling.type=r0; d.arrivals.fast_mu=0.125; i.start_num_server=1; i.si_max=2.0},147,0,"16330,36418","155468,85859","139138,49441","5769,1183514","9,52023218","3,98098824","6,95743262",65535,5910,9442,6964,3577,2942,"0,14407569","0,10626383","6,9572801278","1,1479403705","27,920709051","5,8925417873","3,9809882398","0,2098548529","9,520232181","0,4076642561","0,1440756847","0,0246955354","0,1062638285","0,0206976761"
4,100,"0,125","0,25",500,h2,4,h2,1,5,"0,5",adv1,10,"9,714886","16,745906",leastUsed,2,true,1,8,1,42,8,1,2,128,512,"0,05",false,0,INFINITY,1,"9,6",r0,42,962850,598499780,334435817,424484935,1068730318,1611527,437034476,"2025-09-08T18:24:44,850970",148 {d.services.type=h2; ws.scaling.out_thr=9.599999999999998; d.arrivals.mu=0.25; i.spikeserver.active=true; d.services.z=1; d.arrivals.fast_interval=100.0; i.max_num_server=10; d.arrivals.type=h2; ws.scaling.type=r0; d.arrivals.fast_mu=0.125; i.start_num_server=1; i.si_max=2.0},148,0,"16330,36418","155386,31684","139055,95266","5966,7338253","9,51517769","3,98098824","7,4174095",65535,6063,9921,7340,3798,3132,"0,15138476","0,11200122","7,4172569997","1,2159970358","29,766631406","6,4383774075","3,9809882398","0,206209699","9,5151776853","0,4227736817","0,1513847562","0,0255816381","0,1120012207","0,0212271039"
4,100,"0,125","0,25",500,h2,4,h2,1,5,"0,5",adv1,10,"9,714886","16,745906",leastUsed,2,true,1,8,1,42,8,1,2,128,512,"0,05",false,0,INFINITY,1,"9,8",r0,42,962850,598499780,334435817,424484935,1068730318,1611527,437034476,"2025-09-08T18:24:46,118868",149 {d.services.type=h2; ws.scaling.out_thr=9.799999999999997; d.arrivals.mu=0.25; i.spikeserver.active=true; d.services.z=1; d.arrivals.fast_interval=100.0; i.max_num_server=10; d.arrivals.type=h2; ws.scaling.type=r0; d.arrivals.fast_mu=0.125; i.start_num_server=1; i.si_max=2.0},149,0,"16330,36418","156511,18455","140180,82037","5575,5519991","9,58405966","3,98098824","7,30318777",65535,5570,9621,7140,3608,3040,"0,14680704","0,10894942","7,3030352716","1,2412300309","29,308250878","6,2801098975","3,9809882398","0,2084093352","9,5840596586","0,3795844391","0,1468070497","0,0252761331","0,1089494163","0,0212131136"
4,100,"0,125","0,25",500,h2,4,h2,1,5,"0,5",adv1,10,"9,714886","16,745906",leastUsed,2,true,1,8,1,42,8,1,2,128,512,"0,05",false,0,INFINITY,1,10,r0,42,962850,598499780,334435817,424484935,1068730318,1611527,437034476,"2025-09-08T18:24:47,345821",150 {d.services.type=h2; ws.scaling.out_thr=9.999999999999996; d.arrivals.mu=0.25; i.spikeserver.active=true; d.services.z=1; d.arrivals.fast_interval=100.0; i.max_num_server=10; d.arrivals.type=h2; ws.scaling.type=r0; d.arrivals.fast_mu=0.125; i.start_num_server=1; i.si_max=2.0},150,0,"16330,36418","153937,55284","137607,18866","6173,2296488","9,42646172","3,98098824","7,38227383",65535,6099,10026,7419,3718,3055,"0,15298696","0,11320668","7,382121334","1,210386728","29,625629293","6,3359547424","3,9809882398","0,201457614","9,4264617216","0,4078218233","0,1529869535","0,0260541793","0,1132066835","0,0216949506"
4,100,"0,125","0,25",500,h2,4,h2,1,5,"0,5",adv1,10,"9,714886","16,745906",leastUsed,2,true,1,8,1,42,8,1,2,128,512,"0,05",false,0,INFINITY,1,"0,1",jobs,42,962850,598499780,334435817,424484935,1068730318,1611527,437034476,"2025-09-08T18:24:48,584006",201 {d.services.type=h2; ws.scaling.out_thr=0.1; d.arrivals.mu=0.25; i.spikeserver.active=true; d.services.z=1; d.arrivals.fast_interval=100.0; i.max_num_server=10; d.arrivals.type=h2; ws.scaling.type=jobs; d.arrivals.fast_mu=0.125; i.start_num_server=1; i.si_max=2.0},201,0,"16330,36418","165527,4617","149197,09752","983,18054576","10,13617699","3,98098824","1,19948942",65535,943,1152,348,39,14,"0,01757839","0,00531014","1,1993369271","0,0503193604","4,8136427608","0,4333944414","3,9809882398","0,2398921185","10,136176994","0,0773851974","0,0175783932","0,0016464862","0,0053101396","0,000978488"
4,100,"0,125","0,25",500,h2,4,h2,1,5,"0,5",adv1,10,"9,714886","16,745906",leastUsed,2,true,1,8,1,42,8,1,2,128,512,"0,05",false,0,INFINITY,1,"0,2",jobs,42,962850,598499780,334435817,424484935,1068730318,1611527,437034476,"2025-09-08T18:24:49,645202",202 {d.services.type=h2; ws.scaling.out_thr=0.2; d.arrivals.mu=0.25; i.spikeserver.active=true; d.services.z=1; d.arrivals.fast_interval=100.0; i.max_num_server=10; d.arrivals.type=h2; ws.scaling.type=jobs; d.arrivals.fast_mu=0.125; i.start_num_server=1; i.si_max=2.0},202,0,"16330,36418","143927,33815","127596,97397","1759,3538018","8,81348","3,98093978","1,27017339",65535,1672,1251,374,74,23,"0,01908904","0,00570687","1,2700208981","0,0515675444","5,0973029403","0,4457979533","3,9809397808","0,2408176364","8,8134800038","0,1423817371","0,0190890364","0,0016235611","0,0057068742","0,0010132514"
4,100,"0,125","0,25",500,h2,4,h2,1,5,"0,5",adv1,10,"9,714886","16,745906",leastUsed,2,true,1,8,1,42,8,1,2,128,512,"0,05",false,0,INFINITY,1,"0,3",jobs,42,962850,598499780,334435817,424484935,1068730318,1611527,437034476,"2025-09-08T18:24:50,722511",203 {d.services.type=h2; ws.scaling.out_thr=0.30000000000000004; d.arrivals.mu=0.25; i.spikeserver.active=true; d.services.z=1; d.arrivals.fast_interval=100.0; i.max_num_server=10; d.arrivals.type=h2; ws.scaling.type=jobs; d.arrivals.fast_mu=0.125; i.start_num_server=1; i.si_max=2.0},203,0,"16330,451553","127279,62408","110949,17253","3110,4984451","7,79400519","3,98080581","1,3625102",65535,3017,1356,412,112,35,"0,02069123","0,00628672","1,3623026047","0,0485954637","5,4678283673","0,4478650734","3,9808058133","0,2414351697","7,7940051853","0,1838093656","0,0206912337","0,0017032438","0,006286717","0,0010734406"
4,100,"0,125","0,25",500,h2,4,h2,1,5,"0,5",adv1,10,"9,714886","16,745906",leastUsed,2,true,1,8,1,42,8,1,2,128,512,"0,05",false,0,INFINITY,1,"0,4",jobs,42,962850,598499780,334435817,424484935,1068730318,1611527,437034476,"2025-09-08T18:24:51,882375",204 {d.services.type=h2; ws.scaling.out_thr=0.4; d.arrivals.mu=0.25; i.spikeserver.active=true; d.services.z=1; d.arrivals.fast_interval=100.0; i.max_num_server=10; d.arrivals.type=h2; ws.scaling.type=jobs; d.arrivals.fast_mu=0.125; i.start_num_server=1; i.si_max=2.0},204,0,"16330,451553","117070,01763","100739,56607","4324,3035647","7,16881693","3,98084031","1,4614163",65535,4500,1506,479,161,48,"0,02298009","0,00730907","1,4612298903","0,0469857436","5,8647439788","0,4617327685","3,9808403064","0,2410701996","7,1688169337","0,1995667167","0,022980087","0,0015963248","0,0073090715","0,0010353516"
4,100,"0,125","0,25",500,h2,4,h2,1,5,"0,5",adv1,10,"9,714886","16,745906",leastUsed,2,true,1,8,1,42,8,1,2,128,512,"0,05",false,0,INFINITY,1,"0,5",jobs,42,962850,598499780,334435817,424484935,1068730318,1611527,437034476,"2025-09-08T18:24:53,153568",205 {d.services.type=h2; ws.scaling.out_thr=0.5; d.arrivals.mu=0.25; i.spikeserver.active=true; d.services.z=1; d.arrivals.fast_interval=100.0; i.max_num_server=10; d.arrivals.type=h2; ws.scaling.type=jobs; d.arrivals.fast_mu=0.125; i.start_num_server=1; i.si_max=2.0},205,0,"16330,451386","109763,22735","93432,775964","5441,0692615","6,72138355","3,98085133","1,5125864",65535,5315,1610,518,215,68,"0,02456702","0,00790417","1,51242744","0,0393047552","6,0700924531","0,4506835034","3,9808513268","0,2413056209","6,7213835524","0,2084280528","0,0245670253","0,0015014792","0,0079041733","0,0009868389"
4,100,"0,125","0,25",500,h2,4,h2,1,5,"0,5",adv1,10,"9,714886","16,745906",leastUsed,2,true,1,8,1,42,8,1,2,128,512,"0,05",false,0,INFINITY,1,"0,6",jobs,42,962850,598499780,334435817,424484935,1068730318,1611527,437034476,"2025-09-08T18:24:54,588746",206 {d.services.type=h2; ws.scaling.out_thr=0.6; d.arrivals.mu=0.25; i.spikeserver.active=true; d.services.z=1; d.arrivals.fast_interval=100.0; i.max_num_server=10; d.arrivals.type=h2; ws.scaling.type=jobs; d.arrivals.fast_mu=0.125; i.start_num_server=1; i.si_max=2.0},206,0,"16330,783202","100635,37035","84304,587148","7473,8620636","6,16231133","3,98050697","1,65145664",65535,7281,1823,601,307,93,"0,0278172","0,00917067","1,6510847544","0,040218629","6,6272517174","0,4770853898","3,980506974","0,2415876127","6,1623113299","0,219926815","0,0278171969","0,0015360637","0,0091706722","0,0009771928"
4,100,"0,125","0,25",500,h2,4,h2,1,5,"0,5",adv1,10,"9,714886","16,745906",leastUsed,2,true,1,8,1,42,8,1,2,128,512,"0,05",false,0,INFINITY,1,"0,7",jobs,42,962850,598499780,334435817,424484935,1068730318,1611527,437034476,"2025-09-08T18:24:55,887743",207 {d.services.type=h2; ws.scaling.out_thr=0.7; d.arrivals.mu=0.25; i.spikeserver.active=true; d.services.z=1; d.arrivals.fast_interval=100.0; i.max_num_server=10; d.arrivals.type=h2; ws.scaling.type=jobs; d.arrivals.fast_mu=0.125; i.start_num_server=1; i.si_max=2.0},207,0,"16330,709352","94863,900716","78533,191364","8916,5957348","5,80892714","3,9805082","1,77614968",65535,8767,2049,723,416,141,"0,03126574","0,01103227","1,7758221538","0,0485345372","7,1276738","0,5150722083","3,9805082015","0,2409921442","5,8089271367","0,2253092598","0,0312657359","0,0019451192","0,0110322728","0,0012436815"
4,100,"0,125","0,25",500,h2,4,h2,1,5,"0,5",adv1,10,"9,714886","16,745906",leastUsed,2,true,1,8,1,42,8,1,2,128,512,"0,05",false,0,INFINITY,1,"0,8",jobs,42,962850,598499780,334435817,424484935,1068730318,1611527,437034476,"2025-09-08T18:24:57,091340",208 {d.services.type=h2; ws.scaling.out_thr=0.7999999999999999; d.arrivals.mu=0.25; i.spikeserver.active=true; d.services.z=1; d.arrivals.fast_interval=100.0; i.max_num_server=10; d.arrivals.type=h2; ws.scaling.type=jobs; d.arrivals.fast_mu=0.125; i.start_num_server=1; i.si_max=2.0},208,0,"16330,783202","90852,215584","74521,432382","9477,3935904","5,56324914","3,98058482","1,83704154",65535,9411,2091,760,417,149,"0,03190662","0,01159686","1,8366908392","0,0426422962","7,3719989913","0,5307101391","3,980584825","0,2411186573","5,5632491388","0,2255924244","0,0319066148","0,0018038574","0,0115968566","0,0010233001"
4,100,"0,125","0,25",500,h2,4,h2,1,5,"0,5",adv1,10,"9,714886","16,745906",leastUsed,2,true,1,8,1,42,8,1,2,128,512,"0,05",false,0,INFINITY,1,"0,9",jobs,42,962850,598499780,334435817,424484935,1068730318,1611527,437034476,"2025-09-08T18:24:58,315314",209 {d.services.type=h2; ws.scaling.out_thr=0.8999999999999999; d.arrivals.mu=0.25; i.spikeserver.active=true; d.services.z=1; d.arrivals.fast_interval=100.0; i.max_num_server=10; d.arrivals.type=h2; ws.scaling.type=jobs; d.arrivals.fast_mu=0.125; i.start_num_server=1; i.si_max=2.0},209,0,"16330,79216","87275,287342","70944,495182","10004,903346","5,3442164","3,98043372","1,9035073",65535,9847,2216,854,475,174,"0,03381399","0,01303121","1,9031082194","0,0509044126","7,638720118","0,5676807314","3,980433721","0,2418613196","5,3442164034","0,2283783636","0,0338139925","0,002018916","0,0130312047","0,0013685688"
4,100,"0,125","0,25",500,h2,4,h2,1,5,"0,5",adv1,10,"9,714886","16,745906",leastUsed,2,true,1,8,1,42,8,1,2,128,512,"0,05",false,0,INFINITY,1,1,jobs,42,962850,598499780,334435817,424484935,1068730318,1611527,437034476,"2025-09-08T18:24:59,665565",210 {d.services.type=h2; ws.scaling.out_thr=0.9999999999999999; d.arrivals.mu=0.25; i.spikeserver.active=true; d.services.z=1; d.arrivals.fast_interval=100.0; i.max_num_server=10; d.arrivals.type=h2; ws.scaling.type=jobs; d.arrivals.fast_mu=0.125; i.start_num_server=1; i.si_max=2.0},210,0,"16330,79216","87275,287342","70944,495182","10004,903346","5,3442164","3,98043372","1,9035073",65535,9847,2216,854,475,174,"0,03381399","0,01303121","1,9031082194","0,0509044126","7,638720118","0,5676807314","3,980433721","0,2418613196","5,3442164034","0,2283783636","0,0338139925","0,002018916","0,0130312047","0,0013685688"
4,100,"0,125","0,25",500,h2,4,h2,1,5,"0,5",adv1,10,"9,714886","16,745906",leastUsed,2,true,1,8,1,42,8,1,2,128,512,"0,05",false,0,INFINITY,1,"1,1",jobs,42,962850,598499780,334435817,424484935,1068730318,1611527,437034476,"2025-09-08T18:25:00,961748",211 {d.services.type=h2; ws.scaling.out_thr=1.0999999999999999; d.arrivals.mu=0.25; i.spikeserver.active=true; d.services.z=1; d.arrivals.fast_interval=100.0; i.max_num_server=10; d.arrivals.type=h2; ws.scaling.type=jobs; d.arrivals.fast_mu=0.125; i.start_num_server=1; i.si_max=2.0},211,0,"16331,386516","83003,560042","66672,173526","11906,4007","5,08245641","3,98019019","2,11695995",65535,12059,2597,1034,714,257,"0,03962768","0,01577783","2,1163143544","0,0464936864","8,4949903088","0,5761244222","3,9801901921","0,2410894854","5,0824564074","0,2332336415","0,0396276799","0,0020694553","0,0157778286","0,0013928894"
4,100,"0,125","0,25",500,h2,4,h2,1,5,"0,5",adv1,10,"9,714886","16,745906",leastUsed,2,true,1,8,1,42,8,1,2,128,512,"0,05",false,0,INFINITY,1,"1,2",jobs,42,962850,598499780,334435817,424484935,1068730318,1611527,437034476,"2025-09-08T18:25:02,171639",212 {d.services.type=h2; ws.scaling.out_thr=1.2; d.arrivals.mu=0.25; i.spikeserver.active=true; d.services.z=1; d.arrivals.fast_interval=100.0; i.max_num_server=10; d.arrivals.type=h2; ws.scaling.type=jobs; d.arrivals.fast_mu=0.125; i.start_num_server=1; i.si_max=2.0},212,0,"16331,237166","81452,774972","65121,537806","12226,096034","4,98754468","3,980224","2,13238274",65535,12405,2619,984,706,244,"0,03996338","0,01501488","2,1318080364","0,0432995867","8,5569575333","0,5919740024","3,9802240039","0,2413694708","4,9875446755","0,2303122778","0,0399633783","0,0019013235","0,0150148775","0,0013466983"
4,100,"0,125","0,25",500,h2,4,h2,1,5,"0,5",adv1,10,"9,714886","16,745906",leastUsed,2,true,1,8,1,42,8,1,2,128,512,"0,05",false,0,INFINITY,1,"1,3",jobs,42,962850,598499780,334435817,424484935,1068730318,1611527,437034476,"2025-09-08T18:25:03,617763",213 {d.services.type=h2; ws.scaling.out_thr=1.3; d.arrivals.mu=0.25; i.spikeserver.active=true; d.services.z=1; d.arrivals.fast_interval=100.0; i.max_num_server=10; d.arrivals.type=h2; ws.scaling.type=jobs; d.arrivals.fast_mu=0.125; i.start_num_server=1; i.si_max=2.0},213,0,"16331,237166","79486,205964","63154,968798","12487,735576","4,86712704","3,98047945","2,1807898",65535,12535,2655,1061,715,276,"0,0405127","0,01618982","2,1802938067","0,0479507181","8,7512083935","0,6117904503","3,9804794524","0,2414275622","4,8671270373","0,2278039547","0,0405127031","0,0019828798","0,0161898222","0,0013387451"
4,100,"0,125","0,25",500,h2,4,h2,1,5,"0,5",adv1,10,"9,714886","16,745906",leastUsed,2,true,1,8,1,42,8,1,2,128,512,"0,05",false,0,INFINITY,1,"1,4",jobs,42,962850,598499780,334435817,424484935,1068730318,1611527,437034476,"2025-09-08T18:25:04,968887",214 {d.services.type=h2; ws.scaling.out_thr=1.4000000000000001; d.arrivals.mu=0.25; i.spikeserver.active=true; d.services.z=1; d.arrivals.fast_interval=100.0; i.max_num_server=10; d.arrivals.type=h2; ws.scaling.type=jobs; d.arrivals.fast_mu=0.125; i.start_num_server=1; i.si_max=2.0},214,0,"16330,79216","77921,290661","61590,498501","12884,818874","4,77143361","3,98031532","2,24398801",65535,13051,2784,1161,751,293,"0,04248112","0,01771572","2,2435093052","0,0447357589","9,005059435","0,6203285627","3,9803153212","0,241548751","4,7714336143","0,2266936907","0,042481117","0,0019043142","0,0177157244","0,0013152246"
4,100,"0,125","0,25",500,h2,4,h2,1,5,"0,5",adv1,10,"9,714886","16,745906",leastUsed,2,true,1,8,1,42,8,1,2,128,512,"0,05",false,0,INFINITY,1,"1,5",jobs,42,962850,598499780,334435817,424484935,1068730318,1611527,437034476,"2025-09-08T18:25:06,260193",215 {d.services.type=h2; ws.scaling.out_thr=1.5000000000000002; d.arrivals.mu=0.25; i.spikeserver.active=true; d.services.z=1; d.arrivals.fast_interval=100.0; i.max_num_server=10; d.arrivals.type=h2; ws.scaling.type=jobs; d.arrivals.fast_mu=0.125; i.start_num_server=1; i.si_max=2.0},215,0,"16331,46488","76115,689119","59784,224238","13566,757504","4,66067739","3,98022008","2,3484035",65535,13402,2912,1228,813,351,"0,04443427","0,01873808","2,347708057","0,0519697898","9,4236876114","0,6455013508","3,9802200847","0,2414844953","4,6606773903","0,2278982509","0,0444342718","0,0020680529","0,0187380789","0,0015684069"
4,100,"0,125","0,25",500,h2,4,h2,1,5,"0,5",adv1,10,"9,714886","16,745906",leastUsed,2,true,1,8,1,42,8,1,2,128,512,"0,05",false,0,INFINITY,1,"1,6",jobs,42,962850,598499780,334435817,424484935,1068730318,1611527,437034476,"2025-09-08T18:25:07,560167",216 {d.services.type=h2; ws.scaling.out_thr=1.6000000000000003; d.arrivals.mu=0.25; i.spikeserver.active=true; d.services.z=1; d.arrivals.fast_interval=100.0; i.max_num_server=10; d.arrivals.type=h2; ws.scaling.type=jobs; d.arrivals.fast_mu=0.125; i.start_num_server=1; i.si_max=2.0},216,0,"16331,584477","75875,911094","59544,326618","13595,477489","4,6459614","3,98026242","2,37487235",65535,13532,2930,1276,802,351,"0,04470893","0,01947051","2,3741586622","0,0513749174","9,5298322015","0,6567305675","3,9802624195","0,2416613131","4,6459614009","0,2261625469","0,0447089342","0,001971696","0,0194705119","0,0014986075"
4,100,"0,125","0,25",500,h2,4,h2,1,5,"0,5",adv1,10,"9,714886","16,745906",leastUsed,2,true,1,8,1,42,8,1,2,128,512,"0,05",false,0,INFINITY,1,"1,7",jobs,42,962850,598499780,334435817,424484935,1068730318,1611527,437034476,"2025-09-08T18:25:08,909157",217 {d.services.type=h2; ws.scaling.out_thr=1.7000000000000004; d.arrivals.mu=0.25; i.spikeserver.active=true; d.services.z=1; d.arrivals.fast_interval=100.0; i.max_num_server=10; d.arrivals.type=h2; ws.scaling.type=jobs; d.arrivals.fast_mu=0.125; i.start_num_server=1; i.si_max=2.0},217,0,"16331,237166","75026,326768","58695,089602","13805,99012","4,59403816","3,98031103","2,41681879",65535,13702,3008,1298,815,359,"0,04589914","0,01980621","2,4161560943","0,0477329902","9,6983601401","0,6723358411","3,9803110345","0,2411092173","4,5940381616","0,2237195753","0,0458991379","0,0019571092","0,0198062104","0,0012694208"
4,100,"0,125","0,25",500,h2,4,h2,1,5,"0,5",adv1,10,"9,714886","16,745906",leastUsed,2,true,1,8,1,42,8,1,2,128,512,"0,05",false,0,INFINITY,1,"1,8",jobs,42,962850,598499780,334435817,424484935,1068730318,1611527,437034476,"2025-09-08T18:25:10,116797",218 {d.services.type=h2; ws.scaling.out_thr=1.8000000000000005; d.arrivals.mu=0.25; i.spikeserver.active=true; d.services.z=1; d.arrivals.fast_interval=100.0; i.max_num_server=10; d.arrivals.type=h2; ws.scaling.type=jobs; d.arrivals.fast_mu=0.125; i.start_num_server=1; i.si_max=2.0},218,0,"16331,344189","74496,580495","58165,236306","13889,923649","4,56157066","3,98029977","2,48187825",65535,13809,3127,1367,884,395,"0,04771496","0,02085908","2,4813052082","0,0534380249","9,9593694985","0,6940127914","3,9802997696","0,2408653735","4,5615706602","0,2230716773","0,0477149615","0,0021549524","0,0208590829","0,0015832951"
4,100,"0,125","0,25",500,h2,4,h2,1,5,"0,5",adv1,10,"9,714886","16,745906",leastUsed,2,true,1,8,1,42,8,1,2,128,512,"0,05",false,0,INFINITY,1,"1,9",jobs,42,962850,598499780,334435817,424484935,1068730318,1611527,437034476,"2025-09-08T18:25:11,336300",219 {d.services.type=h2; ws.scaling.out_thr=1.9000000000000006; d.arrivals.mu=0.25; i.spikeserver.active=true; d.services.z=1; d.arrivals.fast_interval=100.0; i.max_num_server=10; d.arrivals.type=h2; ws.scaling.type=jobs; d.arrivals.fast_mu=0.125; i.start_num_server=1; i.si_max=2.0},219,0,"16332,273577","73945,382433","57613,108856","13883,127866","4,52756207","3,97993625","2,48678487",65535,14145,3126,1346,844,360,"0,0476997","0,02053864","2,4856606652","0,0516036519","9,9784910895","0,7128426311","3,9799362479","0,2403792085","4,5275620743","0,2202054945","0,0476997024","0,0020661232","0,0205386435","0,0014308693"
4,100,"0,125","0,25",500,h2,4,h2,1,5,"0,5",adv1,10,"9,714886","16,745906",leastUsed,2,true,1,8,1,42,8,1,2,128,512,"0,05",false,0,INFINITY,1,2,jobs,42,962850,598499780,334435817,424484935,1068730318,1611527,437034476,"2025-09-08T18:25:12,587857",220 {d.services.type=h2; ws.scaling.out_thr=2.0000000000000004; d.arrivals.mu=0.25; i.spikeserver.active=true; d.services.z=1; d.arrivals.fast_interval=100.0; i.max_num_server=10; d.arrivals.type=h2; ws.scaling.type=jobs; d.arrivals.fast_mu=0.125; i.start_num_server=1; i.si_max=2.0},220,0,"16331,78684","72085,196682","55753,409843","14708,213385","4,4137973","3,9801428","2,70131576",65535,14586,3443,1554,1019,492,"0,05253681","0,02371252","2,700465266","0,0523325899","10,839642337","0,7455271566","3,9801428002","0,2418714529","4,4137973015","0,2247421131","0,0525368124","0,0020883811","0,02371252","0,0015720911"
4,100,"0,125","0,25",500,h2,4,h2,1,5,"0,5",adv1,10,"9,714886","16,745906",leastUsed,2,true,1,8,1,42,8,1,2,128,512,"0,05",false,0,INFINITY,1,"2,1",jobs,42,962850,598499780,334435817,424484935,1068730318,1611527,437034476,"2025-09-08T18:25:13,762754",221 {d.services.type=h2; ws.scaling.out_thr=2.1000000000000005; d.arrivals.mu=0.25; i.spikeserver.active=true; d.services.z=1; d.arrivals.fast_interval=100.0; i.max_num_server=10; d.arrivals.type=h2; ws.scaling.type=jobs; d.arrivals.fast_mu=0.125; i.start_num_server=1; i.si_max=2.0},221,0,"16331,78684","72085,196682","55753,409843","14708,213385","4,4137973","3,9801428","2,70131576",65535,14586,3443,1554,1019,492,"0,05253681","0,02371252","2,700465266","0,0523325899","10,839642337","0,7455271566","3,9801428002","0,2418714529","4,4137973015","0,2247421131","0,0525368124","0,0020883811","0,02371252","0,0015720911"
4,100,"0,125","0,25",500,h2,4,h2,1,5,"0,5",adv1,10,"9,714886","16,745906",leastUsed,2,true,1,8,1,42,8,1,2,128,512,"0,05",false,0,INFINITY,1,"2,2",jobs,42,962850,598499780,334435817,424484935,1068730318,1611527,437034476,"2025-09-08T18:25:14,971195",222 {d.services.type=h2; ws.scaling.out_thr=2.2000000000000006; d.arrivals.mu=0.25; i.spikeserver.active=true; d.services.z=1; d.arrivals.fast_interval=100.0; i.max_num_server=10; d.arrivals.type=h2; ws.scaling.type=jobs; d.arrivals.fast_mu=0.125; i.start_num_server=1; i.si_max=2.0},222,0,"16331,237166","71759,716121","55428,478955","14792,968929","4,39401592","3,98022301","2,72940358",65535,14691,3513,1578,1054,480,"0,05360495","0,02407874","2,7288288777","0,0568426567","10,952719743","0,7589510081","3,9802230136","0,2393699507","4,3940159212","0,2213952635","0,0536049439","0,0022097394","0,0240787366","0,001685154"
4,100,"0,125","0,25",500,h2,4,h2,1,5,"0,5",adv1,10,"9,714886","16,745906",leastUsed,2,true,1,8,1,42,8,1,2,128,512,"0,05",false,0,INFINITY,1,"2,3",jobs,42,962850,598499780,334435817,424484935,1068730318,1611527,437034476,"2025-09-08T18:25:16,170334",223 {d.services.type=h2; ws.scaling.out_thr=2.3000000000000007; d.arrivals.mu=0.25; i.spikeserver.active=true; d.services.z=1; d.arrivals.fast_interval=100.0; i.max_num_server=10; d.arrivals.type=h2; ws.scaling.type=jobs; d.arrivals.fast_mu=0.125; i.start_num_server=1; i.si_max=2.0},223,0,"16331,237166","71442,17956","55110,942394","14702,316051","4,37457241","3,98031012","2,74282654",65535,14854,3539,1599,1033,474,"0,05400168","0,02439918","2,7421217672","0,0570734899","11,00658424","0,7695098241","3,9803101236","0,2396639389","4,374572412","0,2208345285","0,0540016785","0,0022944983","0,024399176","0,0016324845"
4,100,"0,125","0,25",500,h2,4,h2,1,5,"0,5",adv1,10,"9,714886","16,745906",leastUsed,2,true,1,8,1,42,8,1,2,128,512,"0,05",false,0,INFINITY,1,"2,4",jobs,42,962850,598499780,334435817,424484935,1068730318,1611527,437034476,"2025-09-08T18:25:17,359819",224 {d.services.type=h2; ws.scaling.out_thr=2.400000000000001; d.arrivals.mu=0.25; i.spikeserver.active=true; d.services.z=1; d.arrivals.fast_interval=100.0; i.max_num_server=10; d.arrivals.type=h2; ws.scaling.type=jobs; d.arrivals.fast_mu=0.125; i.start_num_server=1; i.si_max=2.0},224,0,"16331,284087","70961,705268","54630,421181","14760,750881","4,34513936","3,98024089","2,81180809",65535,14818,3575,1647,1022,490,"0,054551","0,02513161","2,811332667","0,0597888865","11,283365256","0,8098297168","3,980240893","0,2397482858","4,3451393589","0,2204817306","0,0545510033","0,0022235456","0,0251316091","0,0017636425"
4,100,"0,125","0,25",500,h2,4,h2,1,5,"0,5",adv1,10,"9,714886","16,745906",leastUsed,2,true,1,8,1,42,8,1,2,128,512,"0,05",false,0,INFINITY,1,"2,5",jobs,42,962850,598499780,334435817,424484935,1068730318,1611527,437034476,"2025-09-08T18:25:18,591090",225 {d.services.type=h2; ws.scaling.out_thr=2.500000000000001; d.arrivals.mu=0.25; i.spikeserver.active=true; d.services.z=1; d.arrivals.fast_interval=100.0; i.max_num_server=10; d.arrivals.type=h2; ws.scaling.type=jobs; d.arrivals.fast_mu=0.125; i.start_num_server=1; i.si_max=2.0},225,0,"16331,61589","70323,09322","53991,47733","14833,304234","4,30594827","3,98019835","2,90792885",65535,15142,3738,1742,1074,493,"0,05703823","0,02658122","2,9073147203","0,0551635011","11,6688464","0,8263043408","3,9801983547","0,2395751995","4,3059482719","0,2221528182","0,0570382238","0,0021604015","0,0265812161","0,0015423298"
4,100,"0,125","0,25",500,h2,4,h2,1,5,"0,5",adv1,10,"9,714886","16,745906",leastUsed,2,true,1,8,1,42,8,1,2,128,512,"0,05",false,0,INFINITY,1,"2,6",jobs,42,962850,598499780,334435817,424484935,1068730318,1611527,437034476,"2025-09-08T18:25:19,719840",226 {d.services.type=h2; ws.scaling.out_thr=2.600000000000001; d.arrivals.mu=0.25; i.spikeserver.active=true; d.services.z=1; d.arrivals.fast_interval=100.0; i.max_num_server=10; d.arrivals.type=h2; ws.scaling.type=jobs; d.arrivals.fast_mu=0.125; i.start_num_server=1; i.si_max=2.0},226,0,"16331,86281","70033,963063","53702,100253","14882,004468","4,28817973","3,98013069","2,92115179",65535,15358,3725,1744,1050,485,"0,05683986","0,02661173","2,9203487042","0,0651277603","11,721729756","0,8439063395","3,9801306856","0,2385622504","4,2881797304","0,2195959606","0,0568398566","0,002348056","0,0266117342","0,0017888405"
4,100,"0,125","0,25",500,h2,4,h2,1,5,"0,5",adv1,10,"9,714886","16,745906",leastUsed,2,true,1,8,1,42,8,1,2,128,512,"0,05",false,0,INFINITY,1,"2,7",jobs,42,962850,598499780,334435817,424484935,1068730318,1611527,437034476,"2025-09-08T18:25:20,913914",227 {d.services.type=h2; ws.scaling.out_thr=2.700000000000001; d.arrivals.mu=0.25; i.spikeserver.active=true; d.services.z=1; d.arrivals.fast_interval=100.0; i.max_num_server=10; d.arrivals.type=h2; ws.scaling.type=jobs; d.arrivals.fast_mu=0.125; i.start_num_server=1; i.si_max=2.0},227,0,"16332,124005","70074,122819","53741,998814","14919,848657","4,29057009","3,98001079","2,99669623",65535,15123,3923,1828,1147,543,"0,05986114","0,02789349","2,9958918259","0,0649791213","12,024675271","0,864157116","3,9800107938","0,2402530369","4,2905700935","0,2217744706","0,0598611429","0,0023506615","0,027893492","0,0017503266"
4,100,"0,125","0,25",500,h2,4,h2,1,5,"0,5",adv1,10,"9,714886","16,745906",leastUsed,2,true,1,8,1,42,8,1,2,128,512,"0,05",false,0,INFINITY,1,"2,8",jobs,42,962850,598499780,334435817,424484935,1068730318,1611527,437034476,"2025-09-08T18:25:22,168469",228 {d.services.type=h2; ws.scaling.out_thr=2.800000000000001; d.arrivals.mu=0.25; i.spikeserver.active=true; d.services.z=1; d.arrivals.fast_interval=100.0; i.max_num_server=10; d.arrivals.type=h2; ws.scaling.type=jobs; d.arrivals.fast_mu=0.125; i.start_num_server=1; i.si_max=2.0},228,0,"16331,58579","69619,565851","53287,980061","14973,505732","4,26287849","3,97998552","3,0122258",65535,14978,3922,1831,1119,545,"0,05984588","0,02793927","3,0108121318","0,07132057","12,087388241","0,8856059485","3,9799855178","0,2402812788","4,2628784949","0,2205736941","0,0598458839","0,002427294","0,0279392691","0,0018476866"
4,100,"0,125","0,25",500,h2,4,h2,1,5,"0,5",adv1,10,"9,714886","16,745906",leastUsed,2,true,1,8,1,42,8,1,2,128,512,"0,05",false,0,INFINITY,1,"2,9",jobs,42,962850,598499780,334435817,424484935,1068730318,1611527,437034476,"2025-09-08T18:25:23,461246",229 {d.services.type=h2; ws.scaling.out_thr=2.9000000000000012; d.arrivals.mu=0.25; i.spikeserver.active=true; d.services.z=1; d.arrivals.fast_interval=100.0; i.max_num_server=10; d.arrivals.type=h2; ws.scaling.type=jobs; d.arrivals.fast_mu=0.125; i.start_num_server=1; i.si_max=2.0},229,0,"16331,567465","69668,816492","53337,249026","15030,645126","4,26589895","3,98032871","3,04722074",65535,14982,3926,1888,1145,576,"0,05990692","0,02880903","3,0465569281","0,0727906371","12,227828815","0,8930768973","3,9803287099","0,2402012525","4,2658989493","0,2200191874","0,05990692","0,0025218161","0,0288090333","0,0017351092"
4,100,"0,125","0,25",500,h2,4,h2,1,5,"0,5",adv1,10,"9,714886","16,745906",leastUsed,2,true,1,8,1,42,8,1,2,128,512,"0,05",false,0,INFINITY,1,3,jobs,42,962850,598499780,334435817,424484935,1068730318,1611527,437034476,"2025-09-08T18:25:24,691354",230 {d.services.type=h2; ws.scaling.out_thr=3.0000000000000013; d.arrivals.mu=0.25; i.spikeserver.active=true; d.services.z=1; d.arrivals.fast_interval=100.0; i.max_num_server=10; d.arrivals.type=h2; ws.scaling.type=jobs; d.arrivals.fast_mu=0.125; i.start_num_server=1; i.si_max=2.0},230,0,"16332,20228","68575,51606","52243,313779","15280,387763","4,19879174","3,97984618","3,24476171",65535,15211,4269,2038,1265,626,"0,06514076","0,03109789","3,2431995107","0,0680675556","13,020011346","0,9091253965","3,9798461761","0,2390419587","4,1987917418","0,2199546942","0,0651407645","0,002392497","0,0310978866","0,0018694783"
4,100,"0,125","0,25",500,h2,4,h2,1,5,"0,5",adv1,10,"9,714886","16,745906",leastUsed,2,true,1,8,1,42,8,1,2,128,512,"0,05",false,0,INFINITY,1,"3,1",jobs,42,962850,598499780,334435817,424484935,1068730318,1611527,437034476,"2025-09-08T18:25:25,842274",231 {d.services.type=h2; ws.scaling.out_thr=3.1000000000000014; d.arrivals.mu=0.25; i.spikeserver.active=true; d.services.z=1; d.arrivals.fast_interval=100.0; i.max_num_server=10; d.arrivals.type=h2; ws.scaling.type=jobs; d.arrivals.fast_mu=0.125; i.start_num_server=1; i.si_max=2.0},231,0,"16332,20228","68575,51606","52243,313779","15280,387763","4,19879174","3,97984618","3,24476171",65535,15211,4269,2038,1265,626,"0,06514076","0,03109789","3,2431995107","0,0680675556","13,020011346","0,9091253965","3,9798461761","0,2390419587","4,1987917418","0,2199546942","0,0651407645","0,002392497","0,0310978866","0,0018694783"
4,100,"0,125","0,25",500,h2,4,h2,1,5,"0,5",adv1,10,"9,714886","16,745906",leastUsed,2,true,1,8,1,42,8,1,2,128,512,"0,05",false,0,INFINITY,1,"3,2",jobs,42,962850,598499780,334435817,424484935,1068730318,1611527,437034476,"2025-09-08T18:25:27,034671",232 {d.services.type=h2; ws.scaling.out_thr=3.2000000000000015; d.arrivals.mu=0.25; i.spikeserver.active=true; d.services.z=1; d.arrivals.fast_interval=100.0; i.max_num_server=10; d.arrivals.type=h2; ws.scaling.type=jobs; d.arrivals.fast_mu=0.125; i.start_num_server=1; i.si_max=2.0},232,0,"16332,47976","68444,93809","52112,45833","15279,878042","4,19072542","3,97998395","3,27432087",65535,15101,4315,2069,1286,635,"0,06584268","0,03157092","3,2734467748","0,0682267719","13,138397936","0,9374267553","3,9799839466","0,2401622161","4,1907254193","0,2203518127","0,0658426795","0,0024199134","0,0315709163","0,0018207383"
4,100,"0,125","0,25",500,h2,4,h2,1,5,"0,5",adv1,10,"9,714886","16,745906",leastUsed,2,true,1,8,1,42,8,1,2,128,512,"0,05",false,0,INFINITY,1,"3,3",jobs,42,962850,598499780,334435817,424484935,1068730318,1611527,437034476,"2025-09-08T18:25:28,266481",233 {d.services.type=h2; ws.scaling.out_thr=3.3000000000000016; d.arrivals.mu=0.25; i.spikeserver.active=true; d.services.z=1; d.arrivals.fast_interval=100.0; i.max_num_server=10; d.arrivals.type=h2; ws.scaling.type=jobs; d.arrivals.fast_mu=0.125; i.start_num_server=1; i.si_max=2.0},233,0,"16332,243271","68325,1932","51992,949929","15193,69967","4,18345429","3,97990272","3,31219509",65535,15457,4393,2131,1272,635,"0,06703288","0,03251697","3,3106707184","0,0786798698","13,290562826","0,9674723979","3,9799027176","0,2403848877","4,1834542915","0,2192821605","0,0670328832","0,0026794486","0,0325169757","0,0019690613"
4,100,"0,125","0,25",500,h2,4,h2,1,5,"0,5",adv1,10,"9,714886","16,745906",leastUsed,2,true,1,8,1,42,8,1,2,128,512,"0,05",false,0,INFINITY,1,"3,4",jobs,42,962850,598499780,334435817,424484935,1068730318,1611527,437034476,"2025-09-08T18:25:29,411260",234 {d.services.type=h2; ws.scaling.out_thr=3.4000000000000017; d.arrivals.mu=0.25; i.spikeserver.active=true; d.services.z=1; d.arrivals.fast_interval=100.0; i.max_num_server=10; d.arrivals.type=h2; ws.scaling.type=jobs; d.arrivals.fast_mu=0.125; i.start_num_server=1; i.si_max=2.0},234,0,"16331,331008","67977,377","51646,045992","15293,466457","4,1623905","3,98019882","3,35786744",65535,15533,4456,2135,1330,629,"0,0679942","0,03257801","3,3572210546","0,0787564079","13,474581005","0,9903809608","3,9801988197","0,2392520162","4,1623904976","0,2190119434","0,0679942016","0,0026209653","0,0325780117","0,0019368524"
4,100,"0,125","0,25",500,h2,4,h2,1,5,"0,5",adv1,10,"9,714886","16,745906",leastUsed,2,true,1,8,1,42,8,1,2,128,512,"0,05",false,0,INFINITY,1,"3,5",jobs,42,962850,598499780,334435817,424484935,1068730318,1611527,437034476,"2025-09-08T18:25:30,972401",235 {d.services.type=h2; ws.scaling.out_thr=3.5000000000000018; d.arrivals.mu=0.25; i.spikeserver.active=true; d.services.z=1; d.arrivals.fast_interval=100.0; i.max_num_server=10; d.arrivals.type=h2; ws.scaling.type=jobs; d.arrivals.fast_mu=0.125; i.start_num_server=1; i.si_max=2.0},235,0,"16332,454325","67624,711216","51292,256891","15360,678314","4,14051127","3,97970809","3,43685473",65535,15289,4557,2187,1343,672,"0,06953536","0,03337148","3,4352223961","0,0778843606","13,790595725","0,9928321189","3,9797080918","0,2384212176","4,1405112709","0,2171238248","0,0695353628","0,0026385911","0,0333714809","0,001921584"
4,100,"0,125","0,25",500,h2,4,h2,1,5,"0,5",adv1,10,"9,714886","16,745906",leastUsed,2,true,1,8,1,42,8,1,2,128,512,"0,05",false,0,INFINITY,1,"3,6",jobs,42,962850,598499780,334435817,424484935,1068730318,1611527,437034476,"2025-09-08T18:25:32,522604",236 {d.services.type=h2; ws.scaling.out_thr=3.600000000000002; d.arrivals.mu=0.25; i.spikeserver.active=true; d.services.z=1; d.arrivals.fast_interval=100.0; i.max_num_server=10; d.arrivals.type=h2; ws.scaling.type=jobs; d.arrivals.fast_mu=0.125; i.start_num_server=1; i.si_max=2.0},236,0,"16331,331008","67725,77081","51394,439802","15279,48162","4,14698415","3,98020754","3,46180197",65535,15632,4608,2235,1337,658,"0,07031357","0,03410392","3,4613200991","0,0809547262","13,891653534","1,0210800578","3,9802075439","0,2379570239","4,1469841483","0,2173045904","0,0703135729","0,002566443","0,0341039139","0,0020089699"
4,100,"0,125","0,25",500,h2,4,h2,1,5,"0,5",adv1,10,"9,714886","16,745906",leastUsed,2,true,1,8,1,42,8,1,2,128,512,"0,05",false,0,INFINITY,1,"3,7",jobs,42,962850,598499780,334435817,424484935,1068730318,1611527,437034476,"2025-09-08T18:25:33,751546",237 {d.services.type=h2; ws.scaling.out_thr=3.700000000000002; d.arrivals.mu=0.25; i.spikeserver.active=true; d.services.z=1; d.arrivals.fast_interval=100.0; i.max_num_server=10; d.arrivals.type=h2; ws.scaling.type=jobs; d.arrivals.fast_mu=0.125; i.start_num_server=1; i.si_max=2.0},237,0,"16331,670174","67458,167832","51126,497658","15313,430741","4,1305125","3,97998073","3,50635155",65535,15672,4734,2240,1358,647,"0,07223621","0,03418021","3,5053642709","0,0797758996","14,070131609","1,0306993362","3,9799807268","0,2396714263","4,130512502","0,2188755488","0,0722362097","0,0025877503","0,034180209","0,0019938458"
4,100,"0,125","0,25",500,h2,4,h2,1,5,"0,5",adv1,10,"9,714886","16,745906",leastUsed,2,true,1,8,1,42,8,1,2,128,512,"0,05",false,0,INFINITY,1,"3,8",jobs,42,962850,598499780,334435817,424484935,1068730318,1611527,437034476,"2025-09-08T18:25:34,926875",238 {d.services.type=h2; ws.scaling.out_thr=3.800000000000002; d.arrivals.mu=0.25; i.spikeserver.active=true; d.services.z=1; d.arrivals.fast_interval=100.0; i.max_num_server=10; d.arrivals.type=h2; ws.scaling.type=jobs; d.arrivals.fast_mu=0.125; i.start_num_server=1; i.si_max=2.0},238,0,"16332,927788","67301,500154","50968,572366","15398,253421","4,12060232","3,97981365","3,56525306",65535,15633,4821,2323,1367,657,"0,07356375","0,03544671","3,5633979783","0,0898093177","14,305387388","1,0629074397","3,9798136499","0,2388843953","4,120602321","0,2172993828","0,0735637446","0,0027984672","0,0354467079","0,0020783036"
4,100,"0,125","0,25",500,h2,4,h2,1,5,"0,5",adv1,10,"9,714886","16,745906",leastUsed,2,true,1,8,1,42,8,1,2,128,512,"0,05",false,0,INFINITY,1,"3,9",jobs,42,962850,598499780,334435817,424484935,1068730318,1611527,437034476,"2025-09-08T18:25:36,125431",239 {d.services.type=h2; ws.scaling.out_thr=3.900000000000002; d.arrivals.mu=0.25; i.spikeserver.active=true; d.services.z=1; d.arrivals.fast_interval=100.0; i.max_num_server=10; d.arrivals.type=h2; ws.scaling.type=jobs; d.arrivals.fast_mu=0.125; i.start_num_server=1; i.si_max=2.0},239,0,"16331,90342","67418,138676","51086,235256","15412,71811","4,12800253","3,97995533","3,56914819",65535,15521,4794,2275,1375,671,"0,07315175","0,03471427","3,5675003541","0,0960750563","14,32191463","1,0862511095","3,9799553349","0,2400779339","4,1280025324","0,2181631159","0,073151751","0,0031394809","0,0347142748","0,0022600953"
4,100,"0,125","0,25",500,h2,4,h2,1,5,"0,5",adv1,10,"9,714886","16,745906",leastUsed,2,true,1,8,1,42,8,1,2,128,512,"0,05",false,0,INFINITY,1,4,jobs,42,962850,598499780,334435817,424484935,1068730318,1611527,437034476,"2025-09-08T18:25:37,469942",240 {d.services.type=h2; ws.scaling.out_thr=4.000000000000002; d.arrivals.mu=0.25; i.spikeserver.active=true; d.services.z=1; d.arrivals.fast_interval=100.0; i.max_num_server=10; d.arrivals.type=h2; ws.scaling.type=jobs; d.arrivals.fast_mu=0.125; i.start_num_server=1; i.si_max=2.0},240,0,"16332,774666","66633,428113","50300,653447","15507,595927","4,07973718","3,97982005","3,75498245",65535,15829,5168,2478,1530,722,"0,07885863","0,03781186","3,7533270374","0,0886063679","15,066807667","1,0877547541","3,9798200546","0,2396776429","4,0797371834","0,2177021004","0,0788586252","0,0027974825","0,0378118563","0,002174909"
4,100,"0,125","0,25",500,h2,4,h2,1,5,"0,5",adv1,10,"9,714886","16,745906",leastUsed,2,true,1,8,1,42,8,1,2,128,512,"0,05",false,0,INFINITY,1,"4,1",jobs,42,962850,598499780,334435817,424484935,1068730318,1611527,437034476,"2025-09-08T18:25:38,533973",241 {d.services.type=h2; ws.scaling.out_thr=4.100000000000001; d.arrivals.mu=0.25; i.spikeserver.active=true; d.services.z=1; d.arrivals.fast_interval=100.0; i.max_num_server=10; d.arrivals.type=h2; ws.scaling.type=jobs; d.arrivals.fast_mu=0.125; i.start_num_server=1; i.si_max=2.0},241,0,"16332,774666","66633,428113","50300,653447","15507,595927","4,07973718","3,97982005","3,75498245",65535,15829,5168,2478,1530,722,"0,07885863","0,03781186","3,7533270374","0,0886063679","15,066807667","1,0877547541","3,9798200546","0,2396776429","4,0797371834","0,2177021004","0,0788586252","0,0027974825","0,0378118563","0,002174909"
4,100,"0,125","0,25",500,h2,4,h2,1,5,"0,5",adv1,10,"9,714886","16,745906",leastUsed,2,true,1,8,1,42,8,1,2,128,512,"0,05",false,0,INFINITY,1,"4,2",jobs,42,962850,598499780,334435817,424484935,1068730318,1611527,437034476,"2025-09-08T18:25:39,857615",242 {d.services.type=h2; ws.scaling.out_thr=4.200000000000001; d.arrivals.mu=0.25; i.spikeserver.active=true; d.services.z=1; d.arrivals.fast_interval=100.0; i.max_num_server=10; d.arrivals.type=h2; ws.scaling.type=jobs; d.arrivals.fast_mu=0.125; i.start_num_server=1; i.si_max=2.0},242,0,"16333,047921","66686,062653","50353,014732","15484,289471","4,08289151","3,97954969","3,81003141",65535,15653,5218,2525,1516,728,"0,07962158","0,03852903","3,8076102991","0,0953678169","15,287434995","1,1236896379","3,979549687","0,2391076569","4,0828915078","0,2178825825","0,0796215763","0,0029298413","0,0385290303","0,0021875174"
4,100,"0,125","0,25",500,h2,4,h2,1,5,"0,5",adv1,10,"9,714886","16,745906",leastUsed,2,true,1,8,1,42,8,1,2,128,512,"0,05",false,0,INFINITY,1,"4,3",jobs,42,962850,598499780,334435817,424484935,1068730318,1611527,437034476,"2025-09-08T18:25:41,121561",243 {d.services.type=h2; ws.scaling.out_thr=4.300000000000001; d.arrivals.mu=0.25; i.spikeserver.active=true; d.services.z=1; d.arrivals.fast_interval=100.0; i.max_num_server=10; d.arrivals.type=h2; ws.scaling.type=jobs; d.arrivals.fast_mu=0.125; i.start_num_server=1; i.si_max=2.0},243,0,"16332,541683","66550,420424","50217,878741","15562,314819","4,07471303","3,97996347","3,82940517",65535,15653,5202,2538,1504,777,"0,07937744","0,0387274","3,828410896","0,0987842615","15,365646867","1,1494882711","3,9799634695","0,2376961651","4,0747130309","0,218643832","0,0793774319","0,002972772","0,0387273976","0,0022697993"
4,100,"0,125","0,25",500,h2,4,h2,1,5,"0,5",adv1,10,"9,714886","16,745906",leastUsed,2,true,1,8,1,42,8,1,2,128,512,"0,05",false,0,INFINITY,1,"4,4",jobs,42,962850,598499780,334435817,424484935,1068730318,1611527,437034476,"2025-09-08T18:25:42,198126",244 {d.services.type=h2; ws.scaling.out_thr=4.4; d.arrivals.mu=0.25; i.spikeserver.active=true; d.services.z=1; d.arrivals.fast_interval=100.0; i.max_num_server=10; d.arrivals.type=h2; ws.scaling.type=jobs; d.arrivals.fast_mu=0.125; i.start_num_server=1; i.si_max=2.0},244,0,"16331,986015","66478,008477","50146,022462","15504,191724","4,07041792","3,97997838","3,88461398",65535,15704,5365,2629,1541,747,"0,08186466","0,04011597","3,883774659","0,1029476778","15,58770482","1,1676230432","3,9799783847","0,2382507374","4,0704179158","0,2191157909","0,0818646525","0,0031479175","0,0401159686","0,0024615857"
4,100,"0,125","0,25",500,h2,4,h2,1,5,"0,5",adv1,10,"9,714886","16,745906",leastUsed,2,true,1,8,1,42,8,1,2,128,512,"0,05",false,0,INFINITY,1,"4,5",jobs,42,962850,598499780,334435817,424484935,1068730318,1611527,437034476,"2025-09-08T18:25:43,335786",245 {d.services.type=h2; ws.scaling.out_thr=4.5; d.arrivals.mu=0.25; i.spikeserver.active=true; d.services.z=1; d.arrivals.fast_interval=100.0; i.max_num_server=10; d.arrivals.type=h2; ws.scaling.type=jobs; d.arrivals.fast_mu=0.125; i.start_num_server=1; i.si_max=2.0},245,0,"16333,020654","66543,457921","50210,437267","15571,666627","4,07416725","3,97972958","3,89900499",65535,15728,5414,2602,1592,757,"0,08261234","0,03970398","3,8971286503","0,0989722498","15,644460212","1,1717265564","3,9797295813","0,2380579236","4,0741672549","0,2173635074","0,0826123445","0,0029596388","0,039703975","0,0022252117"
4,100,"0,125","0,25",500,h2,4,h2,1,5,"0,5",adv1,10,"9,714886","16,745906",leastUsed,2,true,1,8,1,42,8,1,2,128,512,"0,05",false,0,INFINITY,1,"4,6",jobs,42,962850,598499780,334435817,424484935,1068730318,1611527,437034476,"2025-09-08T18:25:44,388791",246 {d.services.type=h2; ws.scaling.out_thr=4.6; d.arrivals.mu=0.25; i.spikeserver.active=true; d.services.z=1; d.arrivals.fast_interval=100.0; i.max_num_server=10; d.arrivals.type=h2; ws.scaling.type=jobs; d.arrivals.fast_mu=0.125; i.start_num_server=1; i.si_max=2.0},246,0,"16333,377633","66232,857038","49899,479405","15624,264114","4,05506188","3,97957036","3,95642431",65535,15856,5494,2671,1561,777,"0,08383307","0,04075685","3,9539562257","0,1067781479","15,874503929","1,189060063","3,9795703641","0,2378322385","4,0550618817","0,2176616036","0,0838330663","0,0033465259","0,0407568475","0,002407823"
4,100,"0,125","0,25",500,h2,4,h2,1,5,"0,5",adv1,10,"9,714886","16,745906",leastUsed,2,true,1,8,1,42,8,1,2,128,512,"0,05",false,0,INFINITY,1,"4,7",jobs,42,962850,598499780,334435817,424484935,1068730318,1611527,437034476,"2025-09-08T18:25:45,477735",247 {d.services.type=h2; ws.scaling.out_thr=4.699999999999999; d.arrivals.mu=0.25; i.spikeserver.active=true; d.services.z=1; d.arrivals.fast_interval=100.0; i.max_num_server=10; d.arrivals.type=h2; ws.scaling.type=jobs; d.arrivals.fast_mu=0.125; i.start_num_server=1; i.si_max=2.0},247,0,"16333,196296","66043,631142","49710,434846","15627,731416","4,04352155","3,97960074","4,02049322",65535,15926,5610,2688,1594,788,"0,08560311","0,04101625","4,0186799562","0,1080988883","16,131749027","1,2268173703","3,9796007378","0,2379357762","4,0435215462","0,219643161","0,0856031128","0,0031032765","0,0410162509","0,0023831631"
4,100,"0,125","0,25",500,h2,4,h2,1,5,"0,5",adv1,10,"9,714886","16,745906",leastUsed,2,true,1,8,1,42,8,1,2,128,512,"0,05",false,0,INFINITY,1,"4,8",jobs,42,962850,598499780,334435817,424484935,1068730318,1611527,437034476,"2025-09-08T18:25:46,660561",248 {d.services.type=h2; ws.scaling.out_thr=4.799999999999999; d.arrivals.mu=0.25; i.spikeserver.active=true; d.services.z=1; d.arrivals.fast_interval=100.0; i.max_num_server=10; d.arrivals.type=h2; ws.scaling.type=jobs; d.arrivals.fast_mu=0.125; i.start_num_server=1; i.si_max=2.0},248,0,"16333,031014","65990,413905","49657,382891","15571,555643","4,04030421","3,97972485","4,0371832",65535,15736,5674,2678,1649,777,"0,08657969","0,04086366","4,0355108226","0,1086450113","16,198879477","1,2322014128","3,9797248542","0,2385746792","4,0403042062","0,2194620389","0,0865796902","0,0032951116","0,0408636606","0,0023589389"
4,100,"0,125","0,25",500,h2,4,h2,1,5,"0,5",adv1,10,"9,714886","16,745906",leastUsed,2,true,1,8,1,42,8,1,2,128,512,"0,05",false,0,INFINITY,1,"4,9",jobs,42,962850,598499780,334435817,424484935,1068730318,1611527,437034476,"2025-09-08T18:25:47,784492",249 {d.services.type=h2; ws.scaling.out_thr=4.899999999999999; d.arrivals.mu=0.25; i.spikeserver.active=true; d.services.z=1; d.arrivals.fast_interval=100.0; i.max_num_server=10; d.arrivals.type=h2; ws.scaling.type=jobs; d.arrivals.fast_mu=0.125; i.start_num_server=1; i.si_max=2.0},249,0,"16332,651518","66205,596532","49872,945014","15648,198587","4,05357308","3,97991402","4,09682901",65535,15776,5638,2777,1601,808,"0,08603036","0,04237431","4,0958861245","0,1204907936","16,438585529","1,2663053136","3,9799140163","0,2363994295","4,0535730808","0,2171055191","0,0860303655","0,003486418","0,0423743038","0,0024970382"
4,100,"0,125","0,25",500,h2,4,h2,1,5,"0,5",adv1,10,"9,714886","16,745906",leastUsed,2,true,1,8,1,42,8,1,2,128,512,"0,05",false,0,INFINITY,1,5,jobs,42,962850,598499780,334435817,424484935,1068730318,1611527,437034476,"2025-09-08T18:25:48,834382",250 {d.services.type=h2; ws.scaling.out_thr=4.999999999999998; d.arrivals.mu=0.25; i.spikeserver.active=true; d.services.z=1; d.arrivals.fast_interval=100.0; i.max_num_server=10; d.arrivals.type=h2; ws.scaling.type=jobs; d.arrivals.fast_mu=0.125; i.start_num_server=1; i.si_max=2.0},250,0,"16332,651518","66205,596532","49872,945014","15648,198587","4,05357308","3,97991402","4,09682901",65535,15776,5638,2777,1601,808,"0,08603036","0,04237431","4,0958861245","0,1204907936","16,438585529","1,2663053136","3,9799140163","0,2363994295","4,0535730808","0,2171055191","0,0860303655","0,003486418","0,0423743038","0,0024970382"
